Id,Prediction,Date,File,StartTime,ElapsedTime,BusyTime,Commands,editOrInsertPercentage,debugPercentage,navigationPercentage,focusPercentage,removePercentage,editPercentage,COMMAND_RATE,NAVIGATION_RATE,DEBUG_RATE,FOCUS_RATE,EDIT_RATE,REMOVE_RATE,INSERT_RATE,webLinkTimes,Web Page Visits
1,,Sat Nov 07 00:34:36 PST 2020,ListEvaluator.java,1604738076960,4458,4458,(I)22,1.0,0.0,0.0,0.0,0.0,0.0,5.5,0.0,0.0,0.0,0.0,0.0,5.5,0.0,[]
,/modelData/A0UserStudy2010.arff,Sat Nov 07 00:34:36 PST 2020,ListEvaluator.java, 1604738076960
2,,Sat Nov 07 00:34:41 PST 2020,ListEvaluator.java,1604738081423,5294,5294,(I)24,1.0,0.0,0.0,0.0,0.0,0.0,4.8,0.0,0.0,0.0,0.0,0.0,4.8,0.0,[]
3,,Sat Nov 07 00:34:47 PST 2020,ListEvaluator.java,1604738087147,7204,7204,(R)1(I)2(R)1(I)21,0.92,0.0,0.0,0.0,0.0,0.0,3.5714285714285716,0.0,0.0,0.0,0.0,0.2857142857142857,3.2857142857142856,0.0,[]
4,,Sat Nov 07 00:34:54 PST 2020,ListEvaluator.java,1604738094833,3,3,(R)4(I)17(R)1,0.7727272727272727,0.0,0.0,0.0,0.0,0.0,0.0,0.0,0.0,0.0,0.0,null,0.0,0.0,[]
5,,Sat Nov 07 00:34:54 PST 2020,ListEvaluator.java,1604738094985,7231,7231,(R)3(I)22,0.88,0.0,0.0,0.0,0.0,0.0,3.5714285714285716,0.0,0.0,0.0,0.0,0.42857142857142855,3.142857142857143,0.0,[]
6,,Sat Nov 07 00:35:02 PST 2020,ListEvaluator.java,1604738102557,6530,6530,(I)25,1.0,0.0,0.0,0.0,0.0,0.0,4.166666666666667,0.0,0.0,0.0,0.0,0.0,4.166666666666667,0.0,[]
7,,Sat Nov 07 00:35:09 PST 2020,ListEvaluator.java,1604738109376,-8848,-8848,(I)1(R)8(I)14,0.6521739130434783,0.0,0.0,0.0,0.0,0.0,0.0,0.0,0.0,0.0,0.0,null,0.0,0.0,[]
8,,Sat Nov 07 00:35:01 PST 2020,ListEvaluator.java,1604738101091,15230,0,(I)23,1.0,0.0,0.0,0.0,0.0,0.0,1.5333333333333334,0.0,0.0,0.0,0.0,0.0,1.5333333333333334,0.0,[]
9,,Sat Nov 07 00:35:16 PST 2020,ListEvaluator.java,1604738116323,2185,2185,(I)25,1.0,0.0,0.0,0.0,0.0,0.0,12.5,0.0,0.0,0.0,0.0,0.0,12.5,0.0,[]
10,,Sat Nov 07 00:35:18 PST 2020,ListEvaluator.java,1604738118586,4455,4455,(I)25,1.0,0.0,0.0,0.0,0.0,0.0,6.25,0.0,0.0,0.0,0.0,0.0,6.25,0.0,[]
11,,Sat Nov 07 00:35:23 PST 2020,ListEvaluator.java,1604738123045,1896,1896,(I)23,1.0,0.0,0.0,0.0,0.0,0.0,23.0,0.0,0.0,0.0,0.0,0.0,23.0,0.0,[]
12,,Sat Nov 07 00:35:24 PST 2020,ListEvaluator.java,1604738124944,2524,2524,(I)21,1.0,0.0,0.0,0.0,0.0,0.0,10.5,0.0,0.0,0.0,0.0,0.0,10.5,0.0,[]
13,,Sat Nov 07 00:35:27 PST 2020,ListEvaluator.java,1604738127652,129642,0,(I)11(F)2(I)1(R)1(I)10,0.88,0.0,0.0,8.0,0.0,0.0,0.1937984496124031,0.0,0.0,0.015503875968992248,0.0,0.007751937984496124,0.17054263565891473,0.0,[]
14,,Sat Nov 07 00:37:37 PST 2020,ListEvaluator.java,1604738257385,-3324,-3324,(I)19(R)1(I)5,0.96,0.0,0.0,0.0,0.0,0.0,0.0,0.0,0.0,0.0,0.0,null,0.0,0.0,[]
15,,Sat Nov 07 00:37:35 PST 2020,ListEvaluator.java,1604738255519,5157,5157,(I)23,1.0,0.0,0.0,0.0,0.0,0.0,4.6,0.0,0.0,0.0,0.0,0.0,4.6,0.0,[]
16,,Sat Nov 07 00:37:40 PST 2020,ListEvaluator.java,1604738260871,6514,6514,(I)17(R)2(I)3(R)3,0.8,0.0,0.0,0.0,0.0,0.0,4.166666666666667,0.0,0.0,0.0,0.0,0.8333333333333334,3.3333333333333335,0.0,[]
17,,Sat Nov 07 00:37:48 PST 2020,ListEvaluator.java,1604738268034,2130,2130,(R)1(I)15(R)2(I)5,0.8695652173913043,0.0,0.0,0.0,0.0,0.0,11.5,0.0,0.0,0.0,0.0,1.5,10.0,0.0,[]
18,,Sat Nov 07 00:37:50 PST 2020,ListEvaluator.java,1604738270229,5111,5111,(I)25,1.0,0.0,0.0,0.0,0.0,0.0,5.0,0.0,0.0,0.0,0.0,0.0,5.0,0.0,[]
19,,Sat Nov 07 00:37:55 PST 2020,ListEvaluator.java,1604738275516,288,288,(I)25,1.0,0.0,0.0,0.0,0.0,0.0,0.0,0.0,0.0,0.0,0.0,null,0.0,0.0,[]
20,,Sat Nov 07 00:37:55 PST 2020,ListEvaluator.java,1604738275903,4243,4243,(I)25,1.0,0.0,0.0,0.0,0.0,0.0,6.25,0.0,0.0,0.0,0.0,0.0,6.25,0.0,[]
21,,Sat Nov 07 00:38:00 PST 2020,ListEvaluator.java,1604738280346,281,281,(I)25,1.0,0.0,0.0,0.0,0.0,0.0,0.0,0.0,0.0,0.0,0.0,null,0.0,0.0,[]
22,,Sat Nov 07 00:38:00 PST 2020,ListEvaluator.java,1604738280712,1094,1094,(I)24,1.0,0.0,0.0,0.0,0.0,0.0,24.0,0.0,0.0,0.0,0.0,0.0,24.0,0.0,[]
23,,Sat Nov 07 00:38:02 PST 2020,ListEvaluator.java,1604738282033,6301,6301,(I)25,1.0,0.0,0.0,0.0,0.0,0.0,4.166666666666667,0.0,0.0,0.0,0.0,0.0,4.166666666666667,0.0,[]
24,,Sat Nov 07 00:38:08 PST 2020,ListEvaluator.java,1604738288449,2657,2657,(I)4(R)1(I)12(R)1(I)7,0.92,0.0,0.0,0.0,0.0,0.0,12.5,0.0,0.0,0.0,0.0,1.0,11.5,0.0,[]
25,,Sat Nov 07 00:38:11 PST 2020,ListEvaluator.java,1604738291265,3547,3547,(I)8(R)1(I)10(R)2,0.8571428571428571,0.0,0.0,0.0,0.0,0.0,7.0,0.0,0.0,0.0,0.0,1.0,6.0,0.0,[]
26,,Sat Nov 07 00:38:15 PST 2020,ListEvaluator.java,1604738295415,9504,9504,(I)10(R)1(I)13,0.9583333333333334,0.0,0.0,0.0,0.0,0.0,2.6666666666666665,0.0,0.0,0.0,0.0,0.1111111111111111,2.5555555555555554,0.0,[]
27,,Sat Nov 07 00:38:24 PST 2020,ListEvaluator.java,1604738304921,2861,2861,(I)23(R)2,0.92,0.0,0.0,0.0,0.0,0.0,12.5,0.0,0.0,0.0,0.0,1.0,11.5,0.0,[]
28,,Sat Nov 07 00:38:27 PST 2020,ListEvaluator.java,1604738307924,3909,3909,(R)2(I)23,0.92,0.0,0.0,0.0,0.0,0.0,8.333333333333334,0.0,0.0,0.0,0.0,0.6666666666666666,7.666666666666667,0.0,[]
29,,Sat Nov 07 00:38:31 PST 2020,ListEvaluator.java,1604738311836,4934,4934,(I)23,1.0,0.0,0.0,0.0,0.0,0.0,5.75,0.0,0.0,0.0,0.0,0.0,5.75,0.0,[]
30,,Sat Nov 07 00:38:36 PST 2020,ListEvaluator.java,1604738316774,7903,7903,(I)22,1.0,0.0,0.0,0.0,0.0,0.0,3.142857142857143,0.0,0.0,0.0,0.0,0.0,3.142857142857143,0.0,[]
31,,Sat Nov 07 00:38:45 PST 2020,ListEvaluator.java,1604738325362,8590,8590,(I)6(R)2(I)16,0.9166666666666666,0.0,0.0,0.0,0.0,0.0,3.0,0.0,0.0,0.0,0.0,0.25,2.75,0.0,[]
32,,Sat Nov 07 00:38:54 PST 2020,ListEvaluator.java,1604738334293,1933,1933,(R)16(I)9,0.36,0.0,0.0,0.0,0.0,0.0,25.0,0.0,0.0,0.0,0.0,16.0,9.0,0.0,[]
33,,Sat Nov 07 00:38:56 PST 2020,ListEvaluator.java,1604738336229,6525,6525,(I)25,1.0,0.0,0.0,0.0,0.0,0.0,4.166666666666667,0.0,0.0,0.0,0.0,0.0,4.166666666666667,0.0,[]
34,,Sat Nov 07 00:39:02 PST 2020,ListEvaluator.java,1604738342937,3813,3813,(I)25,1.0,0.0,0.0,0.0,0.0,0.0,8.333333333333334,0.0,0.0,0.0,0.0,0.0,8.333333333333334,0.0,[]
35,,Sat Nov 07 00:39:06 PST 2020,ListEvaluator.java,1604738346753,2977,2977,(I)23(R)1,0.9583333333333334,0.0,0.0,0.0,0.0,0.0,12.0,0.0,0.0,0.0,0.0,0.5,11.5,0.0,[]
36,,Sat Nov 07 00:39:10 PST 2020,ListEvaluator.java,1604738350336,5842,5842,(I)23,1.0,0.0,0.0,0.0,0.0,0.0,4.6,0.0,0.0,0.0,0.0,0.0,4.6,0.0,[]
37,,Sat Nov 07 00:39:16 PST 2020,ListEvaluator.java,1604738356185,1728,1728,(I)25,1.0,0.0,0.0,0.0,0.0,0.0,25.0,0.0,0.0,0.0,0.0,0.0,25.0,0.0,[]
39,,Sat Nov 07 00:40:07 PST 2020,RunF20A5Tests.java,1604738407141,17330,0,(I)14(R)2(I)1(R)2(I)4,0.8260869565217391,0.0,0.0,0.0,0.0,0.0,1.3529411764705883,0.0,0.0,0.0,0.0,0.23529411764705882,1.1176470588235294,0.0,[]
40,,Sat Nov 07 00:40:26 PST 2020,RunF20A5Tests.java,1604738426786,5047,5047,(I)1(R)1(I)2(R)1(I)4(R)4(I)3(R)1(I)1(R)1(I)1(R)1(I)1,0.5909090909090909,0.0,0.0,0.0,0.0,0.0,4.4,0.0,0.0,0.0,0.0,1.8,2.6,0.0,[]
41,,Sat Nov 07 00:40:30 PST 2020,RunF20A5Tests.java,1604738430525,35535,0,(I)1(R)1(I)1(R)1(I)1(R)1(I)3(F)2(D)2(F)1(D)2(F)2,0.3333333333333333,22.22222222222222,0.0,27.77777777777778,0.0,0.0,0.5142857142857142,0.0,0.11428571428571428,0.14285714285714285,0.0,0.08571428571428572,0.17142857142857143,0.0,[]
42,,Sat Nov 07 00:41:08 PST 2020,RunF20A5Tests.java,1604738468264,35664,0,(F)1(D)2(F)1(D)7(F)3(D)2(F)1,0.0,64.70588235294117,0.0,35.294117647058826,0.0,0.0,0.4857142857142857,0.0,0.3142857142857143,0.17142857142857143,0.0,0.0,0.0,0.0,[]
43,,Sat Nov 07 00:42:06 PST 2020,ListEvaluator.java,1604738526586,12696,0,(D)2(F)1(I)18,0.8571428571428571,9.523809523809524,0.0,4.761904761904762,0.0,0.0,1.75,0.0,0.16666666666666666,0.08333333333333333,0.0,0.0,1.5,0.0,[]
44,,Sat Nov 07 00:42:19 PST 2020,ListEvaluator.java,1604738539569,6524,6524,(I)25,1.0,0.0,0.0,0.0,0.0,0.0,4.166666666666667,0.0,0.0,0.0,0.0,0.0,4.166666666666667,0.0,[]
45,,Sat Nov 07 00:42:26 PST 2020,ListEvaluator.java,1604738546157,1584,1584,(I)25,1.0,0.0,0.0,0.0,0.0,0.0,25.0,0.0,0.0,0.0,0.0,0.0,25.0,0.0,[]
46,,Sat Nov 07 00:42:27 PST 2020,ListEvaluator.java,1604738547873,7495,7495,(I)23,1.0,0.0,0.0,0.0,0.0,0.0,3.2857142857142856,0.0,0.0,0.0,0.0,0.0,3.2857142857142856,0.0,[]
47,,Sat Nov 07 00:42:35 PST 2020,ListEvaluator.java,1604738555370,1894,1894,(I)25,1.0,0.0,0.0,0.0,0.0,0.0,25.0,0.0,0.0,0.0,0.0,0.0,25.0,0.0,[]
48,,Sat Nov 07 00:42:37 PST 2020,ListEvaluator.java,1604738557523,2498,2498,(I)23,1.0,0.0,0.0,0.0,0.0,0.0,11.5,0.0,0.0,0.0,0.0,0.0,11.5,0.0,[]
49,,Sat Nov 07 00:42:40 PST 2020,ListEvaluator.java,1604738560498,2315,2315,(I)25,1.0,0.0,0.0,0.0,0.0,0.0,12.5,0.0,0.0,0.0,0.0,0.0,12.5,0.0,[]
50,,Sat Nov 07 00:42:42 PST 2020,mainClassRegistry.java,1604738562815,14068,0,(I)12(R)1(I)1(R)1(I)4,0.8947368421052632,0.0,0.0,0.0,0.0,0.0,1.3571428571428572,0.0,0.0,0.0,0.0,0.14285714285714285,1.2142857142857142,0.0,[]
51,,Sat Nov 07 00:43:00 PST 2020,RunF20A5Tests.java,1604738580130,1808,1808,(I)22,1.0,0.0,0.0,0.0,0.0,0.0,22.0,0.0,0.0,0.0,0.0,0.0,22.0,0.0,[]
52,,Sat Nov 07 00:43:02 PST 2020,RunF20A5Tests.java,1604738582152,10334,0,(I)14(R)1(I)4(F)1,0.9,0.0,0.0,5.0,0.0,0.0,2.0,0.0,0.0,0.1,0.0,0.1,1.8,0.0,[]
53,,Sat Nov 07 00:43:14 PST 2020,ListEvaluator.java,1604738594410,23302,0,(F)1(D)2(F)2(I)5(F)2(I)7,0.631578947368421,10.526315789473683,0.0,26.31578947368421,0.0,0.0,0.8260869565217391,0.0,0.08695652173913043,0.21739130434782608,0.0,0.0,0.5217391304347826,0.0,[]
54,,Sat Nov 07 00:43:37 PST 2020,ListEvaluator.java,1604738617712,1987,1987,(I)25,1.0,0.0,0.0,0.0,0.0,0.0,25.0,0.0,0.0,0.0,0.0,0.0,25.0,0.0,[]
55,,Sat Nov 07 00:43:39 PST 2020,ListEvaluator.java,1604738619813,-503,-503,(I)8(R)1(I)13,0.9545454545454546,0.0,0.0,0.0,0.0,0.0,0.0,0.0,0.0,0.0,0.0,null,0.0,0.0,[]
56,,Sat Nov 07 00:43:39 PST 2020,RunF20A5Tests.java,1604738619456,17333,0,(I)8(F)2(I)1(R)2(I)1(R)1(I)1(R)1(I)2(D)1,0.65,5.0,0.0,10.0,0.0,0.0,1.1764705882352942,0.0,0.058823529411764705,0.11764705882352941,0.0,0.23529411764705882,0.7647058823529411,0.0,[]
57,,Sat Nov 07 00:43:57 PST 2020,ListEvaluator.java,1604738637034,48375,0,(F)1(D)7(F)1(I)4(R)2(F)1,0.25,43.75,0.0,18.75,0.0,0.0,0.3333333333333333,0.0,0.14583333333333334,0.0625,0.0,0.041666666666666664,0.08333333333333333,0.0,[]
58,,Sat Nov 07 00:45:02 PST 2020,ListEvaluator.java,1604738702368,4241,4241,(F)1(R)1(I)2(R)3(I)7(R)6(I)2,0.5,0.0,0.0,4.545454545454546,0.0,0.0,5.5,0.0,0.0,0.25,0.0,2.5,2.75,0.0,[]
59,,Sat Nov 07 00:45:07 PST 2020,ListEvaluator.java,1604738707618,4752,4752,(I)23,1.0,0.0,0.0,0.0,0.0,0.0,5.75,0.0,0.0,0.0,0.0,0.0,5.75,0.0,[]
60,,Sat Nov 07 00:45:12 PST 2020,ListEvaluator.java,1604738712370,-968,-968,(I)25,1.0,0.0,0.0,0.0,0.0,0.0,0.0,0.0,0.0,0.0,0.0,null,0.0,0.0,[]
61,,Sat Nov 07 00:45:12 PST 2020,ListEvaluator.java,1604738712367,2866,2866,(I)25,1.0,0.0,0.0,0.0,0.0,0.0,12.5,0.0,0.0,0.0,0.0,0.0,12.5,0.0,[]
62,,Sat Nov 07 00:45:15 PST 2020,ListEvaluator.java,1604738715233,3028,3028,(I)23,1.0,0.0,0.0,0.0,0.0,0.0,7.666666666666667,0.0,0.0,0.0,0.0,0.0,7.666666666666667,0.0,[]
63,,Sat Nov 07 00:45:18 PST 2020,ListEvaluator.java,1604738718360,682,682,(I)25,1.0,0.0,0.0,0.0,0.0,0.0,0.0,0.0,0.0,0.0,0.0,null,0.0,0.0,[]
64,,Sat Nov 07 00:45:19 PST 2020,ListEvaluator.java,1604738719146,1519,1519,(I)25,1.0,0.0,0.0,0.0,0.0,0.0,25.0,0.0,0.0,0.0,0.0,0.0,25.0,0.0,[]
65,,Sat Nov 07 00:45:20 PST 2020,ListEvaluator.java,1604738720788,1705,1705,(I)25,1.0,0.0,0.0,0.0,0.0,0.0,25.0,0.0,0.0,0.0,0.0,0.0,25.0,0.0,[]
66,,Sat Nov 07 00:45:22 PST 2020,ListEvaluator.java,1604738722493,817,817,(I)1(R)4(I)15(R)3(I)2,0.72,0.0,0.0,0.0,0.0,0.0,0.0,0.0,0.0,0.0,0.0,null,0.0,0.0,[]
67,,Sat Nov 07 00:45:23 PST 2020,ListEvaluator.java,1604738723450,100,100,(I)15(R)2(I)8,0.92,0.0,0.0,0.0,0.0,0.0,0.0,0.0,0.0,0.0,0.0,null,0.0,0.0,[]
68,,Sat Nov 07 00:45:23 PST 2020,ListEvaluator.java,1604738723762,4471,4471,(I)23,1.0,0.0,0.0,0.0,0.0,0.0,5.75,0.0,0.0,0.0,0.0,0.0,5.75,0.0,[]
69,,Sat Nov 07 00:45:28 PST 2020,ListEvaluator.java,1604738728233,333,333,(I)25,1.0,0.0,0.0,0.0,0.0,0.0,0.0,0.0,0.0,0.0,0.0,null,0.0,0.0,[]
70,,Sat Nov 07 00:45:28 PST 2020,ListEvaluator.java,1604738728674,1218,1218,(I)25,1.0,0.0,0.0,0.0,0.0,0.0,25.0,0.0,0.0,0.0,0.0,0.0,25.0,0.0,[]
71,,Sat Nov 07 00:45:30 PST 2020,ListEvaluator.java,1604738730021,6010,6010,(I)14(R)4(I)5,0.8260869565217391,0.0,0.0,0.0,0.0,0.0,3.8333333333333335,0.0,0.0,0.0,0.0,0.6666666666666666,3.1666666666666665,0.0,[]
72,,Sat Nov 07 00:45:36 PST 2020,ListEvaluator.java,1604738736031,3673,3673,(I)25,1.0,0.0,0.0,0.0,0.0,0.0,8.333333333333334,0.0,0.0,0.0,0.0,0.0,8.333333333333334,0.0,[]
73,,Sat Nov 07 00:45:40 PST 2020,RunF20A5Tests.java,1604738740248,-1572,-1572,(I)9(R)2(I)9,0.9,0.0,0.0,0.0,0.0,0.0,0.0,0.0,0.0,0.0,0.0,null,0.0,0.0,[]
74,,Sat Nov 07 00:45:38 PST 2020,RunF20A5Tests.java,1604738738830,16244,0,(I)7(R)2(I)2(R)4(I)1(D)2(F)1(D)1,0.5,15.0,0.0,5.0,0.0,0.0,1.25,0.0,0.1875,0.0625,0.0,0.375,0.625,0.0,[]
75,,Sat Nov 07 00:45:55 PST 2020,OperationRegisterer.java,1604738755074,172463,0,(D)4(F)1(I)2(F)1(N)2(F)5(I)1(F)2,0.16666666666666666,22.22222222222222,11.11111111111111,50.0,0.0,0.0,0.10465116279069768,0.011627906976744186,0.023255813953488372,0.05232558139534884,0.0,0.0,0.01744186046511628,0.0,[]
76,,Sat Nov 07 00:49:31 PST 2020,OperationRegisterer.java,1604738971423,172,172,(I)25,1.0,0.0,0.0,0.0,0.0,0.0,0.0,0.0,0.0,0.0,0.0,null,0.0,0.0,[]
77,,Sat Nov 07 00:49:32 PST 2020,OperationRegisterer.java,1604738972043,4701,4701,(I)23,1.0,0.0,0.0,0.0,0.0,0.0,5.75,0.0,0.0,0.0,0.0,0.0,5.75,0.0,[]
78,,Sat Nov 07 00:49:36 PST 2020,OperationRegisterer.java,1604738976857,8832,8832,(I)2(R)1(I)21,0.9583333333333334,0.0,0.0,0.0,0.0,0.0,3.0,0.0,0.0,0.0,0.0,0.125,2.875,0.0,[]
79,,Sat Nov 07 00:49:45 PST 2020,OperationRegisterer.java,1604738985690,8030,8030,(I)25,1.0,0.0,0.0,0.0,0.0,0.0,3.125,0.0,0.0,0.0,0.0,0.0,3.125,0.0,[]
80,,Sat Nov 07 00:49:53 PST 2020,OperationRegisterer.java,1604738993877,1996,1996,(I)25,1.0,0.0,0.0,0.0,0.0,0.0,25.0,0.0,0.0,0.0,0.0,0.0,25.0,0.0,[]
81,,Sat Nov 07 00:49:55 PST 2020,OperationRegisterer.java,1604738995874,11323,0,(I)25,1.0,0.0,0.0,0.0,0.0,0.0,2.272727272727273,0.0,0.0,0.0,0.0,0.0,2.272727272727273,0.0,[]
82,,Sat Nov 07 00:50:07 PST 2020,OperationRegisterer.java,1604739007414,334,334,(I)25,1.0,0.0,0.0,0.0,0.0,0.0,0.0,0.0,0.0,0.0,0.0,null,0.0,0.0,[]
83,,Sat Nov 07 00:50:08 PST 2020,OperationRegisterer.java,1604739008000,2549,2549,(I)25,1.0,0.0,0.0,0.0,0.0,0.0,12.5,0.0,0.0,0.0,0.0,0.0,12.5,0.0,[]
84,,Sat Nov 07 00:50:10 PST 2020,OperationRegisterer.java,1604739010661,11784,0,(I)5(R)2(I)18,0.92,0.0,0.0,0.0,0.0,0.0,2.272727272727273,0.0,0.0,0.0,0.0,0.18181818181818182,2.090909090909091,0.0,[]
85,,Sat Nov 07 00:50:22 PST 2020,OperationRegisterer.java,1604739022550,2160,2160,(I)14(R)2(I)6(R)3,0.8,0.0,0.0,0.0,0.0,0.0,12.5,0.0,0.0,0.0,0.0,2.5,10.0,0.0,[]
86,,Sat Nov 07 00:50:24 PST 2020,OperationRegisterer.java,1604739024713,2019,2019,(R)1(I)6(R)4(I)14,0.8,0.0,0.0,0.0,0.0,0.0,12.5,0.0,0.0,0.0,0.0,2.5,10.0,0.0,[]
87,,Sat Nov 07 00:50:26 PST 2020,OperationRegisterer.java,1604739026819,34289,0,(I)2(F)4(I)1(F)2(I)1(R)2(I)3(R)1(I)6,0.5909090909090909,0.0,0.0,27.27272727272727,0.0,0.0,0.6470588235294118,0.0,0.0,0.17647058823529413,0.0,0.08823529411764706,0.38235294117647056,0.0,[]
88,,Sat Nov 07 00:51:01 PST 2020,OperationRegisterer.java,1604739061545,8575,8575,(R)3(I)22,0.88,0.0,0.0,0.0,0.0,0.0,3.125,0.0,0.0,0.0,0.0,0.375,2.75,0.0,[]
89,,Sat Nov 07 00:51:10 PST 2020,OperationRegisterer.java,1604739070273,4172,4172,(I)25,1.0,0.0,0.0,0.0,0.0,0.0,6.25,0.0,0.0,0.0,0.0,0.0,6.25,0.0,[]
90,,Sat Nov 07 00:51:14 PST 2020,OperationRegisterer.java,1604739074754,5542,5542,(I)25,1.0,0.0,0.0,0.0,0.0,0.0,5.0,0.0,0.0,0.0,0.0,0.0,5.0,0.0,[]
91,,Sat Nov 07 00:51:20 PST 2020,OperationRegisterer.java,1604739080501,7163,7163,(I)7(R)1(I)17,0.96,0.0,0.0,0.0,0.0,0.0,3.5714285714285716,0.0,0.0,0.0,0.0,0.14285714285714285,3.4285714285714284,0.0,[]
92,,Sat Nov 07 00:51:27 PST 2020,RunF20A5Tests.java,1604739087759,6781,6781,(I)22,1.0,0.0,0.0,0.0,0.0,0.0,3.6666666666666665,0.0,0.0,0.0,0.0,0.0,3.6666666666666665,0.0,[]
93,,Sat Nov 07 00:51:34 PST 2020,RunF20A5Tests.java,1604739094686,9487,9487,(I)4(R)1(I)18,0.9565217391304348,0.0,0.0,0.0,0.0,0.0,2.5555555555555554,0.0,0.0,0.0,0.0,0.1111111111111111,2.4444444444444446,0.0,[]
94,,Sat Nov 07 00:51:44 PST 2020,mainClassRegistry.java,1604739104199,18163,0,(D)2(F)1(D)5(F)1(I)9,0.5,38.88888888888889,0.0,11.11111111111111,0.0,0.0,1.0,0.0,0.3888888888888889,0.1111111111111111,0.0,0.0,0.5,0.0,[]
95,,Sat Nov 07 00:52:02 PST 2020,mainClassRegistry.java,1604739122522,373,373,(I)24,1.0,0.0,0.0,0.0,0.0,0.0,0.0,0.0,0.0,0.0,0.0,null,0.0,0.0,[]
96,,Sat Nov 07 00:52:03 PST 2020,mainClassRegistry.java,1604739123131,4132,4132,(I)23,1.0,0.0,0.0,0.0,0.0,0.0,5.75,0.0,0.0,0.0,0.0,0.0,5.75,0.0,[]
97,,Sat Nov 07 00:52:07 PST 2020,mainClassRegistry.java,1604739127336,13988,0,(I)24,1.0,0.0,0.0,0.0,0.0,0.0,1.8461538461538463,0.0,0.0,0.0,0.0,0.0,1.8461538461538463,0.0,[]
98,,Sat Nov 07 00:52:21 PST 2020,RunF20A5Tests.java,1604739141428,169,169,(I)24,1.0,0.0,0.0,0.0,0.0,0.0,0.0,0.0,0.0,0.0,0.0,null,0.0,0.0,[]
99,,Sat Nov 07 00:52:22 PST 2020,ListEvaluator.java,1604739142242,19141,0,(I)2(D)2(F)1(D)8(F)1,0.14285714285714285,71.42857142857143,0.0,14.285714285714285,0.0,0.0,0.7368421052631579,0.0,0.5263157894736842,0.10526315789473684,0.0,0.0,0.10526315789473684,0.0,[]
100,,Sat Nov 07 00:52:42 PST 2020,CustomExpression.java,1604739162956,657572,0,(I)1(F)10(I)12,0.5652173913043478,0.0,0.0,43.47826086956522,0.0,0.0,0.0350076103500761,0.0,0.0,0.015220700152207,0.0,0.0,0.0197869101978691,0.0,[]
101,,Sat Nov 07 01:03:40 PST 2020,CustomExpression.java,1604739820688,147,147,(I)25,1.0,0.0,0.0,0.0,0.0,0.0,0.0,0.0,0.0,0.0,0.0,null,0.0,0.0,[]
102,,Sat Nov 07 01:03:41 PST 2020,CustomExpression.java,1604739821419,3774,3774,(I)21(R)1(I)3,0.96,0.0,0.0,0.0,0.0,0.0,8.333333333333334,0.0,0.0,0.0,0.0,0.3333333333333333,8.0,0.0,[]
103,,Sat Nov 07 01:03:45 PST 2020,CustomExpression.java,1604739825435,443,443,(I)4(R)1(I)14(R)1(I)5,0.92,0.0,0.0,0.0,0.0,0.0,0.0,0.0,0.0,0.0,0.0,null,0.0,0.0,[]
104,,Sat Nov 07 01:03:46 PST 2020,CustomExpression.java,1604739826073,1934,1934,(I)2(R)1(I)10(F)2(I)6,0.8571428571428571,0.0,0.0,9.523809523809524,0.0,0.0,21.0,0.0,0.0,2.0,0.0,1.0,18.0,0.0,[]
105,,Sat Nov 07 01:03:52 PST 2020,CustomExpression.java,1604739832711,4184,4184,(R)1(I)18(F)2(I)2,0.8695652173913043,0.0,0.0,8.695652173913043,0.0,0.0,5.75,0.0,0.0,0.5,0.0,0.25,5.0,0.0,[]
106,,Sat Nov 07 01:03:56 PST 2020,CustomExpression.java,1604739836897,4480,4480,(I)23(F)2,0.92,0.0,0.0,8.0,0.0,0.0,6.25,0.0,0.0,0.5,0.0,0.0,5.75,0.0,[]
107,,Sat Nov 07 01:04:01 PST 2020,CustomExpression.java,1604739841385,32583,0,(I)1(F)2(I)13(R)3(I)3(R)1,0.7391304347826086,0.0,0.0,8.695652173913043,0.0,0.0,0.71875,0.0,0.0,0.0625,0.0,0.125,0.53125,0.0,[]
108,,Sat Nov 07 01:04:34 PST 2020,CustomExpression.java,1604739874119,11378,0,(R)2(I)2(R)2(I)1(R)2(I)1(R)2(I)2(F)2(R)4(I)1(R)3,0.2916666666666667,0.0,0.0,8.333333333333332,0.0,0.0,2.1818181818181817,0.0,0.0,0.18181818181818182,0.0,1.3636363636363635,0.6363636363636364,0.0,[]
109,,Sat Nov 07 01:04:46 PST 2020,CustomExpression.java,1604739886188,25523,0,(R)3(I)22,0.88,0.0,0.0,0.0,0.0,0.0,1.0,0.0,0.0,0.0,0.0,0.12,0.88,0.0,[]
110,,Sat Nov 07 01:05:11 PST 2020,CustomExpression.java,1604739911714,2112,2112,(I)25,1.0,0.0,0.0,0.0,0.0,0.0,12.5,0.0,0.0,0.0,0.0,0.0,12.5,0.0,[]
111,,Sat Nov 07 01:05:13 PST 2020,CustomExpression.java,1604739913954,4943,4943,(I)20(R)2(I)1,0.9130434782608695,0.0,0.0,0.0,0.0,0.0,5.75,0.0,0.0,0.0,0.0,0.5,5.25,0.0,[]
112,,Sat Nov 07 01:05:18 PST 2020,CustomExpression.java,1604739918903,3974,3974,(I)25,1.0,0.0,0.0,0.0,0.0,0.0,8.333333333333334,0.0,0.0,0.0,0.0,0.0,8.333333333333334,0.0,[]
113,,Sat Nov 07 01:05:23 PST 2020,CustomExpression.java,1604739923150,3901,3901,(I)2(R)10(I)13,0.6,0.0,0.0,0.0,0.0,0.0,8.333333333333334,0.0,0.0,0.0,0.0,3.3333333333333335,5.0,0.0,[]
114,,Sat Nov 07 01:05:27 PST 2020,CustomExpression.java,1604739927053,9047,9047,(I)11(F)2(I)12,0.92,0.0,0.0,8.0,0.0,0.0,2.7777777777777777,0.0,0.0,0.2222222222222222,0.0,0.0,2.5555555555555554,0.0,[]
115,,Sat Nov 07 01:05:36 PST 2020,CustomExpression.java,1604739936301,1592,1592,(I)22,1.0,0.0,0.0,0.0,0.0,0.0,22.0,0.0,0.0,0.0,0.0,0.0,22.0,0.0,[]
116,,Sat Nov 07 01:05:38 PST 2020,CustomExpression.java,1604739938110,4616,4616,(I)7(R)5(I)1(R)1(I)10(R)1,0.72,0.0,0.0,0.0,0.0,0.0,6.25,0.0,0.0,0.0,0.0,1.75,4.5,0.0,[]
117,,Sat Nov 07 01:05:42 PST 2020,CustomExpression.java,1604739942889,7501,7501,(R)4(I)1(R)1(I)15,0.7619047619047619,0.0,0.0,0.0,0.0,0.0,3.0,0.0,0.0,0.0,0.0,0.7142857142857143,2.2857142857142856,0.0,[]
118,,Sat Nov 07 01:05:50 PST 2020,CustomExpression.java,1604739950528,8031,8031,(I)2(R)1(I)12(R)1(I)6,0.9090909090909091,0.0,0.0,0.0,0.0,0.0,2.75,0.0,0.0,0.0,0.0,0.25,2.5,0.0,[]
119,,Sat Nov 07 01:06:07 PST 2020,CustomExpression.java,1604739967279,10248,0,(I)22(R)1,0.9565217391304348,0.0,0.0,0.0,0.0,0.0,2.3,0.0,0.0,0.0,0.0,0.1,2.2,0.0,[]
120,,Sat Nov 07 01:06:18 PST 2020,CustomExpression.java,1604739978159,1831,1831,(I)15(R)2(I)7,0.9166666666666666,0.0,0.0,0.0,0.0,0.0,24.0,0.0,0.0,0.0,0.0,2.0,22.0,0.0,[]
121,,Sat Nov 07 01:06:20 PST 2020,CustomExpression.java,1604739980428,6010,6010,(I)14(R)2(I)9,0.92,0.0,0.0,0.0,0.0,0.0,4.166666666666667,0.0,0.0,0.0,0.0,0.3333333333333333,3.8333333333333335,0.0,[]
122,,Sat Nov 07 01:06:27 PST 2020,CustomOperationRegisterer.java,1604739987436,49953,0,(F)2(I)1(R)1(I)1(R)1(I)2(R)1(I)3(R)1(I)1(R)1(I)9,0.7083333333333334,0.0,0.0,8.333333333333332,0.0,0.0,0.4897959183673469,0.0,0.0,0.04081632653061224,0.0,0.10204081632653061,0.3469387755102041,0.0,[]
123,,Sat Nov 07 01:07:17 PST 2020,RunF20A5Tests.java,1604740037480,-887,-887,(I)6(R)1(I)3(R)1(I)3(R)1(I)5,0.85,0.0,0.0,0.0,0.0,0.0,0.0,0.0,0.0,0.0,0.0,null,0.0,0.0,[]
124,,Sat Nov 07 01:07:18 PST 2020,CustomExpression.java,1604740038706,31037,0,(I)4(D)2(F)1(D)5(F)1(I)1(F)2,0.3125,43.75,0.0,25.0,0.0,0.0,0.5161290322580645,0.0,0.22580645161290322,0.12903225806451613,0.0,0.0,0.16129032258064516,0.0,[]
125,,Sat Nov 07 01:08:00 PST 2020,CustomExpression.java,1604740080368,58857,0,(I)23,1.0,0.0,0.0,0.0,0.0,0.0,0.39655172413793105,0.0,0.0,0.0,0.0,0.0,0.39655172413793105,0.0,[]
126,,Sat Nov 07 01:08:59 PST 2020,CustomExpression.java,1604740139403,-902,-902,(I)25,1.0,0.0,0.0,0.0,0.0,0.0,0.0,0.0,0.0,0.0,0.0,null,0.0,0.0,[]
127,,Sat Nov 07 01:08:58 PST 2020,CustomExpression.java,1604740138673,6443,6443,(I)17(R)3,0.85,0.0,0.0,0.0,0.0,0.0,3.3333333333333335,0.0,0.0,0.0,0.0,0.5,2.8333333333333335,0.0,[]
128,,Sat Nov 07 01:09:05 PST 2020,CustomExpression.java,1604740145117,2593,2593,(R)3(I)22,0.88,0.0,0.0,0.0,0.0,0.0,12.5,0.0,0.0,0.0,0.0,1.5,11.0,0.0,[]
129,,Sat Nov 07 01:09:07 PST 2020,CustomExpression.java,1604740147843,4649,4649,(I)21,1.0,0.0,0.0,0.0,0.0,0.0,5.25,0.0,0.0,0.0,0.0,0.0,5.25,0.0,[]
130,,Sat Nov 07 01:09:13 PST 2020,CustomExpression.java,1604740153331,5824,5824,(I)22,1.0,0.0,0.0,0.0,0.0,0.0,4.4,0.0,0.0,0.0,0.0,0.0,4.4,0.0,[]
131,,Sat Nov 07 01:09:19 PST 2020,CustomExpression.java,1604740159166,6558,6558,(I)22,1.0,0.0,0.0,0.0,0.0,0.0,3.6666666666666665,0.0,0.0,0.0,0.0,0.0,3.6666666666666665,0.0,[]
132,,Sat Nov 07 01:09:25 PST 2020,CustomExpression.java,1604740165962,25368,0,(I)21,1.0,0.0,0.0,0.0,0.0,0.0,0.84,0.0,0.0,0.0,0.0,0.0,0.84,0.0,[]
133,,Sat Nov 07 01:09:51 PST 2020,CustomExpression.java,1604740191472,12388,0,(I)22,1.0,0.0,0.0,0.0,0.0,0.0,1.8333333333333333,0.0,0.0,0.0,0.0,0.0,1.8333333333333333,0.0,[]
134,,Sat Nov 07 01:10:04 PST 2020,CustomExpression.java,1604740204964,49679,0,(I)1(F)4(I)16,0.8095238095238095,0.0,0.0,19.047619047619047,0.0,0.0,0.42857142857142855,0.0,0.0,0.08163265306122448,0.0,0.0,0.3469387755102041,0.0,[]
135,,Sat Nov 07 01:10:54 PST 2020,CustomExpression.java,1604740254859,14944,0,(I)1(F)2(I)21,0.9166666666666666,0.0,0.0,8.333333333333332,0.0,0.0,1.7142857142857142,0.0,0.0,0.14285714285714285,0.0,0.0,1.5714285714285714,0.0,[]
136,,Sat Nov 07 01:11:09 PST 2020,CustomExpression.java,1604740269991,6574,6574,(I)19(R)1(I)5,0.96,0.0,0.0,0.0,0.0,0.0,4.166666666666667,0.0,0.0,0.0,0.0,0.16666666666666666,4.0,0.0,[]
137,,Sat Nov 07 01:11:16 PST 2020,CustomExpression.java,1604740276637,92149,0,(I)5(R)1(I)15(F)2,0.8695652173913043,0.0,0.0,8.695652173913043,0.0,0.0,0.25,0.0,0.0,0.021739130434782608,0.0,0.010869565217391304,0.21739130434782608,0.0,[]
138,,Sat Nov 07 01:12:51 PST 2020,CustomExpression.java,1604740371383,20372,0,(I)25,1.0,0.0,0.0,0.0,0.0,0.0,1.25,0.0,0.0,0.0,0.0,0.0,1.25,0.0,[]
139,,Sat Nov 07 01:13:11 PST 2020,CustomExpression.java,1604740391758,2689,2689,(I)25,1.0,0.0,0.0,0.0,0.0,0.0,12.5,0.0,0.0,0.0,0.0,0.0,12.5,0.0,[]
140,,Sat Nov 07 01:13:14 PST 2020,CustomExpression.java,1604740394638,2830,2830,(I)25,1.0,0.0,0.0,0.0,0.0,0.0,12.5,0.0,0.0,0.0,0.0,0.0,12.5,0.0,[]
141,,Sat Nov 07 01:13:17 PST 2020,CustomExpression.java,1604740397472,2298,2298,(I)25,1.0,0.0,0.0,0.0,0.0,0.0,12.5,0.0,0.0,0.0,0.0,0.0,12.5,0.0,[]
142,,Sat Nov 07 01:13:19 PST 2020,CustomExpression.java,1604740399774,4481,4481,(I)25,1.0,0.0,0.0,0.0,0.0,0.0,6.25,0.0,0.0,0.0,0.0,0.0,6.25,0.0,[]
143,,Sat Nov 07 01:13:24 PST 2020,CustomExpression.java,1604740404428,1660,1660,(I)25,1.0,0.0,0.0,0.0,0.0,0.0,25.0,0.0,0.0,0.0,0.0,0.0,25.0,0.0,[]
144,,Sat Nov 07 01:13:26 PST 2020,CustomExpression.java,1604740406091,4359,4359,(I)23,1.0,0.0,0.0,0.0,0.0,0.0,5.75,0.0,0.0,0.0,0.0,0.0,5.75,0.0,[]
145,,Sat Nov 07 01:13:30 PST 2020,CustomExpression.java,1604740410562,1561,1561,(I)25,1.0,0.0,0.0,0.0,0.0,0.0,25.0,0.0,0.0,0.0,0.0,0.0,25.0,0.0,[]
146,,Sat Nov 07 01:13:32 PST 2020,CustomExpression.java,1604740412125,2981,2981,(I)23,1.0,0.0,0.0,0.0,0.0,0.0,11.5,0.0,0.0,0.0,0.0,0.0,11.5,0.0,[]
147,,Sat Nov 07 01:13:35 PST 2020,CustomExpression.java,1604740415109,14489,0,(I)25,1.0,0.0,0.0,0.0,0.0,0.0,1.7857142857142858,0.0,0.0,0.0,0.0,0.0,1.7857142857142858,0.0,[]
148,,Sat Nov 07 01:13:49 PST 2020,CustomExpression.java,1604740429599,4138,4138,(I)23,1.0,0.0,0.0,0.0,0.0,0.0,5.75,0.0,0.0,0.0,0.0,0.0,5.75,0.0,[]
149,,Sat Nov 07 01:13:53 PST 2020,CustomExpression.java,1604740433928,9097,9097,(I)19(R)1(I)5,0.96,0.0,0.0,0.0,0.0,0.0,2.7777777777777777,0.0,0.0,0.0,0.0,0.1111111111111111,2.6666666666666665,0.0,[]
150,,Sat Nov 07 01:14:03 PST 2020,CustomExpression.java,1604740443152,-124,-124,(I)17(R)1(I)5,0.9565217391304348,0.0,0.0,0.0,0.0,0.0,0.0,0.0,0.0,0.0,0.0,null,0.0,0.0,[]
151,,Sat Nov 07 01:14:03 PST 2020,CustomExpression.java,1604740443155,14047,0,(I)11(R)3(I)1(R)1(I)4,0.8,0.0,0.0,0.0,0.0,0.0,1.4285714285714286,0.0,0.0,0.0,0.0,0.2857142857142857,1.1428571428571428,0.0,[]
152,,Sat Nov 07 01:14:17 PST 2020,CustomExpression.java,1604740457388,2,2,(I)15(R)3(I)1(R)1(I)5,0.84,0.0,0.0,0.0,0.0,0.0,0.0,0.0,0.0,0.0,0.0,null,0.0,0.0,[]
153,,Sat Nov 07 01:14:17 PST 2020,CustomExpression.java,1604740457522,7367,7367,(I)9(R)1(I)11,0.9523809523809523,0.0,0.0,0.0,0.0,0.0,3.0,0.0,0.0,0.0,0.0,0.14285714285714285,2.857142857142857,0.0,[]
154,,Sat Nov 07 01:14:25 PST 2020,CustomExpression.java,1604740465002,2907,2907,(I)7(R)1(I)14,0.9545454545454546,0.0,0.0,0.0,0.0,0.0,11.0,0.0,0.0,0.0,0.0,0.5,10.5,0.0,[]
155,,Sat Nov 07 01:14:28 PST 2020,CustomExpression.java,1604740468008,4521,4521,(I)3(R)1(I)15(R)2(I)2,0.8695652173913043,0.0,0.0,0.0,0.0,0.0,5.75,0.0,0.0,0.0,0.0,0.75,5.0,0.0,[]
156,,Sat Nov 07 01:14:33 PST 2020,CustomExpression.java,1604740473003,7906,7906,(I)19(R)3,0.8636363636363636,0.0,0.0,0.0,0.0,0.0,3.142857142857143,0.0,0.0,0.0,0.0,0.42857142857142855,2.7142857142857144,0.0,[]
157,,Sat Nov 07 01:14:41 PST 2020,CustomExpression.java,1604740481153,6063,6063,(R)1(I)22,0.9565217391304348,0.0,0.0,0.0,0.0,0.0,3.8333333333333335,0.0,0.0,0.0,0.0,0.16666666666666666,3.6666666666666665,0.0,[]
158,,Sat Nov 07 01:14:47 PST 2020,CustomExpression.java,1604740487317,2686,2686,(I)22,1.0,0.0,0.0,0.0,0.0,0.0,11.0,0.0,0.0,0.0,0.0,0.0,11.0,0.0,[]
159,,Sat Nov 07 01:14:50 PST 2020,CustomExpression.java,1604740490006,9002,9002,(I)22,1.0,0.0,0.0,0.0,0.0,0.0,2.4444444444444446,0.0,0.0,0.0,0.0,0.0,2.4444444444444446,0.0,[]
160,,Sat Nov 07 01:14:59 PST 2020,CustomExpression.java,1604740499163,487,487,(I)25,1.0,0.0,0.0,0.0,0.0,0.0,0.0,0.0,0.0,0.0,0.0,null,0.0,0.0,[]
161,,Sat Nov 07 01:14:59 PST 2020,CustomExpression.java,1604740499657,9238,9238,(I)8(R)2(I)13,0.9130434782608695,0.0,0.0,0.0,0.0,0.0,2.5555555555555554,0.0,0.0,0.0,0.0,0.2222222222222222,2.3333333333333335,0.0,[]
162,,Sat Nov 07 01:15:08 PST 2020,CustomExpression.java,1604740508898,5211,5211,(I)3(R)2(I)16,0.9047619047619048,0.0,0.0,0.0,0.0,0.0,4.2,0.0,0.0,0.0,0.0,0.4,3.8,0.0,[]
163,,Sat Nov 07 01:15:14 PST 2020,CustomExpression.java,1604740514113,4659,4659,(I)12(F)2(I)8,0.9090909090909091,0.0,0.0,9.090909090909092,0.0,0.0,5.5,0.0,0.0,0.5,0.0,0.0,5.0,0.0,[]
164,,Sat Nov 07 01:15:18 PST 2020,CustomExpression.java,1604740518961,78375,0,(I)25,1.0,0.0,0.0,0.0,0.0,0.0,0.32051282051282054,0.0,0.0,0.0,0.0,0.0,0.32051282051282054,0.0,[]
165,,Sat Nov 07 01:16:37 PST 2020,CustomExpression.java,1604740597532,1094,1094,(I)25,1.0,0.0,0.0,0.0,0.0,0.0,25.0,0.0,0.0,0.0,0.0,0.0,25.0,0.0,[]
166,,Sat Nov 07 01:16:38 PST 2020,CustomExpression.java,1604740598751,3102,3102,(I)25,1.0,0.0,0.0,0.0,0.0,0.0,8.333333333333334,0.0,0.0,0.0,0.0,0.0,8.333333333333334,0.0,[]
167,,Sat Nov 07 01:16:41 PST 2020,CustomExpression.java,1604740601966,15898,0,(I)2(F)2(I)4(R)1(I)5(R)1(I)5(R)1(I)4,0.8,0.0,0.0,8.0,0.0,0.0,1.6666666666666667,0.0,0.0,0.13333333333333333,0.0,0.2,1.3333333333333333,0.0,[]
168,,Sat Nov 07 01:16:57 PST 2020,CustomExpression.java,1604740617968,-213,-213,(I)2(R)1(I)7(R)1(I)4(R)1(I)4(R)1(I)3,0.8333333333333334,0.0,0.0,0.0,0.0,0.0,0.0,0.0,0.0,0.0,0.0,null,0.0,0.0,[]
169,,Sat Nov 07 01:16:57 PST 2020,CustomOperationRegisterer.java,1604740617859,7591,7591,(I)2(R)1(I)2(R)4(I)1(D)2(F)1(D)3,0.3125,31.25,0.0,6.25,0.0,0.0,2.2857142857142856,0.0,0.7142857142857143,0.14285714285714285,0.0,0.7142857142857143,0.7142857142857143,0.0,[]
170,,Sat Nov 07 01:17:18 PST 2020,mainClassRegistry.java,1604740638320,14390,0,(D)2(F)1(I)20,0.8695652173913043,8.695652173913043,0.0,4.3478260869565215,0.0,0.0,1.6428571428571428,0.0,0.14285714285714285,0.07142857142857142,0.0,0.0,1.4285714285714286,0.0,[]
171,,Sat Nov 07 01:17:32 PST 2020,RunF20A5Tests.java,1604740652866,1158,1158,(I)19(F)1(I)1,0.9523809523809523,0.0,0.0,4.761904761904762,0.0,0.0,21.0,0.0,0.0,1.0,0.0,0.0,20.0,0.0,[]
172,,Sat Nov 07 01:17:34 PST 2020,RunF20A5Tests.java,1604740654147,25877,0,(I)6(F)1(I)1(D)2(F)1(D)4,0.4666666666666667,40.0,0.0,13.333333333333334,0.0,0.0,0.6,0.0,0.24,0.08,0.0,0.0,0.28,0.0,[]
173,,Sat Nov 07 01:18:01 PST 2020,CustomMain.java,1604740681502,58188,0,(D)2(F)1(I)1(F)2(I)1(F)2(I)11,0.65,10.0,0.0,25.0,0.0,0.0,0.3448275862068966,0.0,0.034482758620689655,0.08620689655172414,0.0,0.0,0.22413793103448276,0.0,[]
174,,Sat Nov 07 01:18:59 PST 2020,CustomMain.java,1604740739856,129,129,(I)25,1.0,0.0,0.0,0.0,0.0,0.0,0.0,0.0,0.0,0.0,0.0,null,0.0,0.0,[]
175,,Sat Nov 07 01:19:00 PST 2020,CustomMain.java,1604740740083,3787,3787,(I)25,1.0,0.0,0.0,0.0,0.0,0.0,8.333333333333334,0.0,0.0,0.0,0.0,0.0,8.333333333333334,0.0,[]
176,,Sat Nov 07 01:19:04 PST 2020,CustomMain.java,1604740744087,924,924,(I)24,1.0,0.0,0.0,0.0,0.0,0.0,0.0,0.0,0.0,0.0,0.0,null,0.0,0.0,[]
177,,Sat Nov 07 01:19:06 PST 2020,CustomMain.java,1604740746471,2880,2880,(I)25,1.0,0.0,0.0,0.0,0.0,0.0,12.5,0.0,0.0,0.0,0.0,0.0,12.5,0.0,[]
178,,Sat Nov 07 01:19:09 PST 2020,CustomMain.java,1604740749738,3244,3244,(I)20(R)3,0.8695652173913043,0.0,0.0,0.0,0.0,0.0,7.666666666666667,0.0,0.0,0.0,0.0,1.0,6.666666666666667,0.0,[]
179,,Sat Nov 07 01:19:13 PST 2020,CustomMain.java,1604740753869,5077,5077,(I)4(R)1(I)6(R)3(I)6(R)2(I)2,0.75,0.0,0.0,0.0,0.0,0.0,4.8,0.0,0.0,0.0,0.0,1.2,3.6,0.0,[]
180,,Sat Nov 07 01:19:19 PST 2020,CustomMain.java,1604740759474,2510,2510,(R)2(I)23,0.92,0.0,0.0,0.0,0.0,0.0,12.5,0.0,0.0,0.0,0.0,1.0,11.5,0.0,[]
181,,Sat Nov 07 01:19:21 PST 2020,CustomMain.java,1604740761987,5046,5046,(I)23,1.0,0.0,0.0,0.0,0.0,0.0,4.6,0.0,0.0,0.0,0.0,0.0,4.6,0.0,[]
182,,Sat Nov 07 01:19:27 PST 2020,CustomMain.java,1604740767385,1255,1255,(I)1(R)1(I)18(R)1(I)1,0.9090909090909091,0.0,0.0,0.0,0.0,0.0,22.0,0.0,0.0,0.0,0.0,2.0,20.0,0.0,[]
183,,Sat Nov 07 01:19:28 PST 2020,CustomMain.java,1604740768900,3518,3518,(I)14(R)2(I)9,0.92,0.0,0.0,0.0,0.0,0.0,8.333333333333334,0.0,0.0,0.0,0.0,0.6666666666666666,7.666666666666667,0.0,[]
184,,Sat Nov 07 01:19:33 PST 2020,CustomMain.java,1604740773980,-2381,-2381,(I)18(R)2(I)5,0.92,0.0,0.0,0.0,0.0,0.0,0.0,0.0,0.0,0.0,0.0,null,0.0,0.0,[]
185,,Sat Nov 07 01:19:31 PST 2020,CustomMain.java,1604740771743,9312,9312,(I)21,1.0,0.0,0.0,0.0,0.0,0.0,2.3333333333333335,0.0,0.0,0.0,0.0,0.0,2.3333333333333335,0.0,[]
186,,Sat Nov 07 01:19:41 PST 2020,CustomMain.java,1604740781368,4013,4013,(I)6(R)3(I)3(R)3(I)9,0.75,0.0,0.0,0.0,0.0,0.0,6.0,0.0,0.0,0.0,0.0,1.5,4.5,0.0,[]
187,,Sat Nov 07 01:19:45 PST 2020,CustomMain.java,1604740785893,27609,0,(I)1(R)1(I)2(R)1(I)8(F)2(I)6,0.8095238095238095,0.0,0.0,9.523809523809524,0.0,0.0,0.7777777777777778,0.0,0.0,0.07407407407407407,0.0,0.07407407407407407,0.6296296296296297,0.0,[]
188,,Sat Nov 07 01:19:57 PST 2020,CustomMain.java,1604740797994,39644,0,(I)14(D)5(I)4,0.782608695652174,21.73913043478261,0.0,0.0,0.0,0.0,0.5897435897435898,0.0,0.1282051282051282,0.0,0.0,0.0,0.46153846153846156,0.0,[]
189,,Sat Nov 07 01:20:37 PST 2020,RunF20A5Tests.java,1604740837800,47168,0,(I)6(D)2(F)5(I)6(F)1,0.6,10.0,0.0,30.0,0.0,0.0,0.425531914893617,0.0,0.0425531914893617,0.1276595744680851,0.0,0.0,0.2553191489361702,0.0,[]
190,,Sat Nov 07 01:21:26 PST 2020,mainClassRegistry.java,1604740886998,24587,0,(I)1(D)1(F)1(D)7(F)1(I)6,0.4117647058823529,47.05882352941176,0.0,11.76470588235294,0.0,0.0,0.7083333333333334,0.0,0.3333333333333333,0.08333333333333333,0.0,0.0,0.2916666666666667,0.0,[]
191,,Sat Nov 07 01:21:51 PST 2020,mainClassRegistry.java,1604740911588,10073,0,(I)24,1.0,0.0,0.0,0.0,0.0,0.0,2.4,0.0,0.0,0.0,0.0,0.0,2.4,0.0,[]
192,,Sat Nov 07 01:22:01 PST 2020,mainClassRegistry.java,1604740921725,-1,-1,(I)4(R)1(I)11(R)1(I)8,0.92,0.0,0.0,0.0,0.0,0.0,0.0,0.0,0.0,0.0,0.0,null,0.0,0.0,[]
193,,Sat Nov 07 01:22:01 PST 2020,mainClassRegistry.java,1604740921926,6121,6121,(I)3(R)1(I)11(R)1(I)9,0.92,0.0,0.0,0.0,0.0,0.0,4.166666666666667,0.0,0.0,0.0,0.0,0.3333333333333333,3.8333333333333335,0.0,[]
194,,Sat Nov 07 01:22:08 PST 2020,RunF20A5Tests.java,1604740928050,6952,6952,(I)17(R)1(I)1,0.9473684210526315,0.0,0.0,0.0,0.0,0.0,3.1666666666666665,0.0,0.0,0.0,0.0,0.16666666666666666,3.0,0.0,[]
195,,Sat Nov 07 01:22:15 PST 2020,mainClassRegistry.java,1604740935069,27928,0,(D)2(F)1(D)5(I)1(R)1(D)2(F)1(I)1(F)2,0.125,56.25,0.0,25.0,0.0,0.0,0.5925925925925926,0.0,0.3333333333333333,0.14814814814814814,0.0,0.037037037037037035,0.07407407407407407,0.0,[]
196,,Sat Nov 07 01:22:44 PST 2020,mainClassRegistry.java,1604740964716,102040,0,(I)2(D)2(F)2(D)4(I)2(F)2(D)3(I)1,0.2777777777777778,50.0,0.0,22.22222222222222,0.0,0.0,0.17647058823529413,0.0,0.08823529411764706,0.0392156862745098,0.0,0.0,0.049019607843137254,0.0,[]
197,,Sat Nov 07 01:24:28 PST 2020,mainClassRegistry.java,1604741068887,96627,0,(F)2(I)7(F)5,0.5,0.0,0.0,50.0,0.0,0.0,0.14583333333333334,0.0,0.0,0.07291666666666667,0.0,0.0,0.07291666666666667,0.0,[]
198,,Sat Nov 07 01:26:06 PST 2020,CustomMain.java,1604741166682,14528,0,(F)1(I)16,0.9411764705882353,0.0,0.0,5.88235294117647,0.0,0.0,1.2142857142857142,0.0,0.0,0.07142857142857142,0.0,0.0,1.1428571428571428,0.0,[]
199,,Sat Nov 07 01:26:21 PST 2020,CustomOperationRegisterer.java,1604741181290,316,316,(I)22,1.0,0.0,0.0,0.0,0.0,0.0,0.0,0.0,0.0,0.0,0.0,null,0.0,0.0,[]
200,,Sat Nov 07 01:26:21 PST 2020,CustomOperationRegisterer.java,1604741181704,17751,0,(I)16(F)2(I)2(R)2(I)1,0.8260869565217391,0.0,0.0,8.695652173913043,0.0,0.0,1.3529411764705883,0.0,0.0,0.11764705882352941,0.0,0.11764705882352941,1.1176470588235294,0.0,[]
201,,Sat Nov 07 01:26:39 PST 2020,CustomOperationRegisterer.java,1604741199592,6325,6325,(I)24,1.0,0.0,0.0,0.0,0.0,0.0,4.0,0.0,0.0,0.0,0.0,0.0,4.0,0.0,[]
202,,Sat Nov 07 01:26:46 PST 2020,CustomOperationRegisterer.java,1604741206302,3268,3268,(I)4(R)6(I)15,0.76,0.0,0.0,0.0,0.0,0.0,8.333333333333334,0.0,0.0,0.0,0.0,2.0,6.333333333333333,0.0,[]
203,,Sat Nov 07 01:26:49 PST 2020,CustomOperationRegisterer.java,1604741209573,1712,1712,(I)25,1.0,0.0,0.0,0.0,0.0,0.0,25.0,0.0,0.0,0.0,0.0,0.0,25.0,0.0,[]
204,,Sat Nov 07 01:26:51 PST 2020,CustomOperationRegisterer.java,1604741211377,1833,1833,(I)25,1.0,0.0,0.0,0.0,0.0,0.0,25.0,0.0,0.0,0.0,0.0,0.0,25.0,0.0,[]
205,,Sat Nov 07 01:26:53 PST 2020,CustomOperationRegisterer.java,1604741213213,2152,2152,(I)25,1.0,0.0,0.0,0.0,0.0,0.0,12.5,0.0,0.0,0.0,0.0,0.0,12.5,0.0,[]
206,,Sat Nov 07 01:26:55 PST 2020,CustomMain.java,1604741215368,9525,9525,(I)13(F)2(I)6,0.9047619047619048,0.0,0.0,9.523809523809524,0.0,0.0,2.3333333333333335,0.0,0.0,0.2222222222222222,0.0,0.0,2.111111111111111,0.0,[]
207,,Sat Nov 07 01:27:05 PST 2020,CustomOperationRegisterer.java,1604741225116,132,132,(I)8(D)5(F)1(I)5,0.6842105263157895,26.31578947368421,0.0,5.263157894736842,0.0,0.0,0.0,0.0,0.0,0.0,0.0,null,0.0,0.0,[]
208,,Sat Nov 07 01:27:05 PST 2020,CustomExpression.java,1604741225372,46812,0,(I)6(F)1(I)5(R)2(I)9,0.8695652173913043,0.0,0.0,4.3478260869565215,0.0,0.0,0.5,0.0,0.0,0.021739130434782608,0.0,0.043478260869565216,0.43478260869565216,0.0,[]
209,,Sat Nov 07 01:27:52 PST 2020,CustomExpression.java,1604741272366,2653,2653,(I)4(R)4(I)11(R)4(I)1,0.6666666666666666,0.0,0.0,0.0,0.0,0.0,12.0,0.0,0.0,0.0,0.0,4.0,8.0,0.0,[]
210,,Sat Nov 07 01:27:55 PST 2020,CustomMain.java,1604741275297,62835,0,(R)2(I)2(R)2(I)1(R)2(I)1(D)5(F)1(I)1,0.29411764705882354,29.411764705882355,0.0,5.88235294117647,0.0,0.0,0.27419354838709675,0.0,0.08064516129032258,0.016129032258064516,0.0,0.0967741935483871,0.08064516129032258,0.0,[]
211,,Sat Nov 07 01:29:00 PST 2020,CustomExpression.java,1604741340548,39816,0,(F)1(I)5(R)1(I)7(R)4(I)2,0.7,0.0,0.0,5.0,0.0,0.0,0.5128205128205128,0.0,0.0,0.02564102564102564,0.0,0.1282051282051282,0.358974358974359,0.0,[]
212,,Sat Nov 07 01:29:40 PST 2020,CustomExpression.java,1604741380622,8122,8122,(I)1(R)4(I)2(R)9(I)9,0.48,0.0,0.0,0.0,0.0,0.0,3.125,0.0,0.0,0.0,0.0,1.625,1.5,0.0,[]
213,,Sat Nov 07 01:29:48 PST 2020,CustomMain.java,1604741388854,4051,4051,(I)2(R)8(I)14,0.6666666666666666,0.0,0.0,0.0,0.0,0.0,6.0,0.0,0.0,0.0,0.0,2.0,4.0,0.0,[]
214,,Sat Nov 07 01:29:53 PST 2020,QuoteEvaluator.java,1604741393421,37183,0,(I)1(D)5(I)9,0.6666666666666666,33.33333333333333,0.0,0.0,0.0,0.0,0.40540540540540543,0.0,0.13513513513513514,0.0,0.0,0.0,0.2702702702702703,0.0,[]
215,,Sat Nov 07 01:30:30 PST 2020,QuoteEvaluator.java,1604741430739,172,172,(I)25,1.0,0.0,0.0,0.0,0.0,0.0,0.0,0.0,0.0,0.0,0.0,null,0.0,0.0,[]
216,,Sat Nov 07 01:30:31 PST 2020,QuoteEvaluator.java,1604741431052,7393,7393,(I)25,1.0,0.0,0.0,0.0,0.0,0.0,3.5714285714285716,0.0,0.0,0.0,0.0,0.0,3.5714285714285716,0.0,[]
217,,Sat Nov 07 01:30:40 PST 2020,QuoteEvaluator.java,1604741440453,1457,1457,(R)4(F)2(I)13(R)6,0.52,0.0,0.0,8.0,0.0,0.0,25.0,0.0,0.0,2.0,0.0,10.0,13.0,0.0,[]
218,,Sat Nov 07 01:30:44 PST 2020,QuoteEvaluator.java,1604741444553,12432,0,(R)1(I)13(F)2(I)1(R)5(I)3,0.68,0.0,0.0,8.0,0.0,0.0,2.0833333333333335,0.0,0.0,0.16666666666666666,0.0,0.5,1.4166666666666667,0.0,[]
219,,Sat Nov 07 01:30:57 PST 2020,QuoteEvaluator.java,1604741457122,778,778,(I)17(R)5(I)3,0.8,0.0,0.0,0.0,0.0,0.0,0.0,0.0,0.0,0.0,0.0,null,0.0,0.0,[]
220,,Sat Nov 07 01:30:58 PST 2020,QuoteEvaluator.java,1604741458027,7533,7533,(I)25,1.0,0.0,0.0,0.0,0.0,0.0,3.5714285714285716,0.0,0.0,0.0,0.0,0.0,3.5714285714285716,0.0,[]
221,,Sat Nov 07 01:31:05 PST 2020,QuoteEvaluator.java,1604741465685,-1015,-1015,(I)25,1.0,0.0,0.0,0.0,0.0,0.0,0.0,0.0,0.0,0.0,0.0,null,0.0,0.0,[]
222,,Sat Nov 07 01:31:04 PST 2020,LoadEvaluator.java,1604741464811,36053,0,(I)6(F)4(I)9,0.7894736842105263,0.0,0.0,21.052631578947366,0.0,0.0,0.5277777777777778,0.0,0.0,0.1111111111111111,0.0,0.0,0.4166666666666667,0.0,[]
223,,Sat Nov 07 01:31:41 PST 2020,LoadEvaluator.java,1604741501021,4582,4582,(I)25,1.0,0.0,0.0,0.0,0.0,0.0,6.25,0.0,0.0,0.0,0.0,0.0,6.25,0.0,[]
224,,Sat Nov 07 01:31:45 PST 2020,LoadEvaluator.java,1604741505761,23747,0,(I)5(F)6(I)11(R)1(I)1,0.7083333333333334,0.0,0.0,25.0,0.0,0.0,1.0434782608695652,0.0,0.0,0.2608695652173913,0.0,0.043478260869565216,0.7391304347826086,0.0,[]
225,,Sat Nov 07 01:32:09 PST 2020,LoadEvaluator.java,1604741529509,9939,9939,(I)15(R)5(I)5,0.8,0.0,0.0,0.0,0.0,0.0,2.7777777777777777,0.0,0.0,0.0,0.0,0.5555555555555556,2.2222222222222223,0.0,[]
226,,Sat Nov 07 01:32:19 PST 2020,LoadEvaluator.java,1604741539640,149,149,(I)12(R)1(I)2(R)5(I)5,0.76,0.0,0.0,0.0,0.0,0.0,0.0,0.0,0.0,0.0,0.0,null,0.0,0.0,[]
227,,Sat Nov 07 01:32:19 PST 2020,LoadEvaluator.java,1604741539823,16229,0,(I)8(R)1(I)16,0.96,0.0,0.0,0.0,0.0,0.0,1.5625,0.0,0.0,0.0,0.0,0.0625,1.5,0.0,[]
228,,Sat Nov 07 01:32:36 PST 2020,LoadEvaluator.java,1604741556054,4515,4515,(I)25,1.0,0.0,0.0,0.0,0.0,0.0,6.25,0.0,0.0,0.0,0.0,0.0,6.25,0.0,[]
229,,Sat Nov 07 01:32:40 PST 2020,LoadEvaluator.java,1604741560630,4128,4128,(I)23,1.0,0.0,0.0,0.0,0.0,0.0,5.75,0.0,0.0,0.0,0.0,0.0,5.75,0.0,[]
230,,Sat Nov 07 01:32:44 PST 2020,LoadEvaluator.java,1604741564764,21764,0,(I)25,1.0,0.0,0.0,0.0,0.0,0.0,1.1904761904761905,0.0,0.0,0.0,0.0,0.0,1.1904761904761905,0.0,[]
231,,Sat Nov 07 01:33:06 PST 2020,LoadEvaluator.java,1604741586890,2883,2883,(I)25,1.0,0.0,0.0,0.0,0.0,0.0,12.5,0.0,0.0,0.0,0.0,0.0,12.5,0.0,[]
232,,Sat Nov 07 01:33:09 PST 2020,LoadEvaluator.java,1604741589775,4817,4817,(I)11(R)4(I)9,0.8333333333333334,0.0,0.0,0.0,0.0,0.0,6.0,0.0,0.0,0.0,0.0,1.0,5.0,0.0,[]
233,,Sat Nov 07 01:33:14 PST 2020,LoadEvaluator.java,1604741594595,3260,3260,(I)23,1.0,0.0,0.0,0.0,0.0,0.0,7.666666666666667,0.0,0.0,0.0,0.0,0.0,7.666666666666667,0.0,[]
234,,Sat Nov 07 01:33:18 PST 2020,LoadEvaluator.java,1604741598400,4026,4026,(I)23,1.0,0.0,0.0,0.0,0.0,0.0,5.75,0.0,0.0,0.0,0.0,0.0,5.75,0.0,[]
235,,Sat Nov 07 01:33:26 PST 2020,LoadEvaluator.java,1604741606608,-112,-112,(I)24(F)1,0.96,0.0,0.0,4.0,0.0,0.0,0.0,0.0,0.0,0.0,0.0,null,0.0,0.0,[]
236,,Sat Nov 07 01:33:26 PST 2020,LoadEvaluator.java,1604741606602,13191,0,(F)1(I)22,0.9565217391304348,0.0,0.0,4.3478260869565215,0.0,0.0,1.7692307692307692,0.0,0.0,0.07692307692307693,0.0,0.0,1.6923076923076923,0.0,[]
237,,Sat Nov 07 01:33:40 PST 2020,LoadEvaluator.java,1604741620925,1298,1298,(I)24,1.0,0.0,0.0,0.0,0.0,0.0,24.0,0.0,0.0,0.0,0.0,0.0,24.0,0.0,[]
238,,Sat Nov 07 01:33:42 PST 2020,LoadEvaluator.java,1604741622894,12394,0,(I)21(R)1,0.9545454545454546,0.0,0.0,0.0,0.0,0.0,1.8333333333333333,0.0,0.0,0.0,0.0,0.08333333333333333,1.75,0.0,[]
239,,Sat Nov 07 01:33:55 PST 2020,LoadEvaluator.java,1604741635434,1317,1317,(R)1(I)4(R)1(I)4(F)2(I)8(R)2(I)1,0.7391304347826086,0.0,0.0,8.695652173913043,0.0,0.0,23.0,0.0,0.0,2.0,0.0,4.0,17.0,0.0,[]
240,,Sat Nov 07 01:33:57 PST 2020,LoadEvaluator.java,1604741637046,124105,0,(I)1(R)1(I)23,0.96,0.0,0.0,0.0,0.0,0.0,0.20161290322580644,0.0,0.0,0.0,0.0,0.008064516129032258,0.1935483870967742,0.0,[]
241,,Sat Nov 07 01:36:01 PST 2020,LoadEvaluator.java,1604741761154,58183,0,(I)8(F)1(I)1(F)1(I)13,0.9166666666666666,0.0,0.0,8.333333333333332,0.0,0.0,0.41379310344827586,0.0,0.0,0.034482758620689655,0.0,0.0,0.3793103448275862,0.0,[]
242,,Sat Nov 07 01:36:59 PST 2020,LoadEvaluator.java,1604741819340,5734,5734,(I)25,1.0,0.0,0.0,0.0,0.0,0.0,5.0,0.0,0.0,0.0,0.0,0.0,5.0,0.0,[]
243,,Sat Nov 07 01:37:05 PST 2020,LoadEvaluator.java,1604741825450,14205,0,(I)25,1.0,0.0,0.0,0.0,0.0,0.0,1.7857142857142858,0.0,0.0,0.0,0.0,0.0,1.7857142857142858,0.0,[]
244,,Sat Nov 07 01:37:20 PST 2020,LoadEvaluator.java,1604741840163,20630,0,(R)1(I)2(F)2(I)7(R)1(I)7,0.8,0.0,0.0,10.0,0.0,0.0,1.0,0.0,0.0,0.1,0.0,0.1,0.8,0.0,[]
245,,Sat Nov 07 01:37:40 PST 2020,CustomMain.java,1604741860976,21602,0,(I)6(F)2(I)6(F)2(I)1,0.7647058823529411,0.0,0.0,23.52941176470588,0.0,0.0,0.8095238095238095,0.0,0.0,0.19047619047619047,0.0,0.0,0.6190476190476191,0.0,[]
246,,Sat Nov 07 01:38:03 PST 2020,LoadEvaluator.java,1604741883897,208222,0,(I)1(F)2(D)5(I)4(F)2(I)5,0.5263157894736842,26.31578947368421,0.0,21.052631578947366,0.0,0.0,0.09134615384615384,0.0,0.02403846153846154,0.019230769230769232,0.0,0.0,0.04807692307692308,0.0,[]
247,,Sat Nov 07 01:41:32 PST 2020,LoadEvaluator.java,1604742092122,56781,0,(I)25,1.0,0.0,0.0,0.0,0.0,0.0,0.44642857142857145,0.0,0.0,0.0,0.0,0.0,0.44642857142857145,0.0,[]
248,,Sat Nov 07 01:42:32 PST 2020,LoadEvaluator.java,1604742152513,8051,8051,(I)23,1.0,0.0,0.0,0.0,0.0,0.0,2.875,0.0,0.0,0.0,0.0,0.0,2.875,0.0,[]
249,,Sat Nov 07 01:42:40 PST 2020,LoadEvaluator.java,1604742160569,3204,3204,(I)25,1.0,0.0,0.0,0.0,0.0,0.0,8.333333333333334,0.0,0.0,0.0,0.0,0.0,8.333333333333334,0.0,[]
250,,Sat Nov 07 01:42:46 PST 2020,LoadEvaluator.java,1604742166037,29950,0,(I)15(F)2(I)5,0.9090909090909091,0.0,0.0,9.090909090909092,0.0,0.0,0.7586206896551724,0.0,0.0,0.06896551724137931,0.0,0.0,0.6896551724137931,0.0,[]
251,,Sat Nov 07 01:43:16 PST 2020,LoadEvaluator.java,1604742196079,365,365,(I)25,1.0,0.0,0.0,0.0,0.0,0.0,0.0,0.0,0.0,0.0,0.0,null,0.0,0.0,[]
252,,Sat Nov 07 01:43:16 PST 2020,LoadEvaluator.java,1604742196615,3926,3926,(I)21(R)2(I)2,0.92,0.0,0.0,0.0,0.0,0.0,8.333333333333334,0.0,0.0,0.0,0.0,0.6666666666666666,7.666666666666667,0.0,[]
253,,Sat Nov 07 01:43:20 PST 2020,LoadEvaluator.java,1604742200743,137,137,(I)18(R)2(I)5,0.92,0.0,0.0,0.0,0.0,0.0,0.0,0.0,0.0,0.0,0.0,null,0.0,0.0,[]
254,,Sat Nov 07 01:43:20 PST 2020,LoadEvaluator.java,1604742200992,3793,3793,(I)25,1.0,0.0,0.0,0.0,0.0,0.0,8.333333333333334,0.0,0.0,0.0,0.0,0.0,8.333333333333334,0.0,[]
255,,Sat Nov 07 01:43:24 PST 2020,LoadEvaluator.java,1604742204890,6992,6992,(I)21(F)2,0.9130434782608695,0.0,0.0,8.695652173913043,0.0,0.0,3.8333333333333335,0.0,0.0,0.3333333333333333,0.0,0.0,3.5,0.0,[]
256,,Sat Nov 07 01:43:32 PST 2020,LoadEvaluator.java,1604742212913,8476,8476,(I)5(R)1(I)1(F)1(I)8(R)1(I)1(F)1(R)6,0.6,0.0,0.0,8.0,0.0,0.0,3.125,0.0,0.0,0.25,0.0,1.0,1.875,0.0,[]
257,,Sat Nov 07 01:43:42 PST 2020,LoadEvaluator.java,1604742222034,7639,7639,(R)4(I)3(R)2(I)9(F)2(I)5,0.68,0.0,0.0,8.0,0.0,0.0,3.5714285714285716,0.0,0.0,0.2857142857142857,0.0,0.8571428571428571,2.4285714285714284,0.0,[]
258,,Sat Nov 07 01:43:49 PST 2020,LoadEvaluator.java,1604742229938,11125,0,(I)13(R)2(I)10,0.92,0.0,0.0,0.0,0.0,0.0,2.272727272727273,0.0,0.0,0.0,0.0,0.18181818181818182,2.090909090909091,0.0,[]
259,,Sat Nov 07 01:44:01 PST 2020,LoadEvaluator.java,1604742241601,1438,1438,(R)17(I)8,0.32,0.0,0.0,0.0,0.0,0.0,25.0,0.0,0.0,0.0,0.0,17.0,8.0,0.0,[]
260,,Sat Nov 07 01:44:03 PST 2020,LoadEvaluator.java,1604742243171,2274,2274,(I)16(R)2(I)7,0.92,0.0,0.0,0.0,0.0,0.0,12.5,0.0,0.0,0.0,0.0,1.0,11.5,0.0,[]
261,,Sat Nov 07 01:44:05 PST 2020,LoadEvaluator.java,1604742245448,3061,3061,(I)25,1.0,0.0,0.0,0.0,0.0,0.0,8.333333333333334,0.0,0.0,0.0,0.0,0.0,8.333333333333334,0.0,[]
262,,Sat Nov 07 01:44:08 PST 2020,LoadEvaluator.java,1604742248802,2468,2468,(I)22,1.0,0.0,0.0,0.0,0.0,0.0,11.0,0.0,0.0,0.0,0.0,0.0,11.0,0.0,[]
263,,Sat Nov 07 01:44:11 PST 2020,LoadEvaluator.java,1604742251272,4553,4553,(I)3(R)2(I)4(R)2(I)13,0.8333333333333334,0.0,0.0,0.0,0.0,0.0,6.0,0.0,0.0,0.0,0.0,1.0,5.0,0.0,[]
264,,Sat Nov 07 01:44:15 PST 2020,LoadEvaluator.java,1604742255828,4856,4856,(I)21(R)4,0.84,0.0,0.0,0.0,0.0,0.0,6.25,0.0,0.0,0.0,0.0,1.0,5.25,0.0,[]
265,,Sat Nov 07 01:44:20 PST 2020,LoadEvaluator.java,1604742260783,3046,3046,(R)2(I)2(R)2(I)13(R)2(I)2,0.7391304347826086,0.0,0.0,0.0,0.0,0.0,7.666666666666667,0.0,0.0,0.0,0.0,2.0,5.666666666666667,0.0,[]
266,,Sat Nov 07 01:44:23 PST 2020,LoadEvaluator.java,1604742263952,6277,6277,(I)4(R)2(I)2(R)2,0.6,0.0,0.0,0.0,0.0,0.0,1.6666666666666667,0.0,0.0,0.0,0.0,0.6666666666666666,1.0,0.0,[]
267,,Sat Nov 07 01:44:30 PST 2020,LoadEvaluator.java,1604742270640,7428,7428,(R)5(I)6(R)3(I)3(R)1,0.5,0.0,0.0,0.0,0.0,0.0,2.5714285714285716,0.0,0.0,0.0,0.0,1.2857142857142858,1.2857142857142858,0.0,[]
268,,Sat Nov 07 01:44:38 PST 2020,LoadEvaluator.java,1604742278189,965,965,(I)4(R)1(I)8(R)3(I)3(R)1(I)5,0.8,0.0,0.0,0.0,0.0,0.0,0.0,0.0,0.0,0.0,0.0,null,0.0,0.0,[]
269,,Sat Nov 07 01:44:39 PST 2020,LoadEvaluator.java,1604742279286,1575,1575,(I)2(R)1(I)17(R)1(I)4,0.92,0.0,0.0,0.0,0.0,0.0,25.0,0.0,0.0,0.0,0.0,2.0,23.0,0.0,[]
270,,Sat Nov 07 01:44:40 PST 2020,LoadEvaluator.java,1604742280956,11612,0,(I)22,1.0,0.0,0.0,0.0,0.0,0.0,2.0,0.0,0.0,0.0,0.0,0.0,2.0,0.0,[]
271,,Sat Nov 07 01:44:53 PST 2020,LoadEvaluator.java,1604742293309,2581,2581,(I)23,1.0,0.0,0.0,0.0,0.0,0.0,11.5,0.0,0.0,0.0,0.0,0.0,11.5,0.0,[]
272,,Sat Nov 07 01:44:56 PST 2020,LoadEvaluator.java,1604742296101,8015,8015,(I)25,1.0,0.0,0.0,0.0,0.0,0.0,3.125,0.0,0.0,0.0,0.0,0.0,3.125,0.0,[]
273,,Sat Nov 07 01:45:04 PST 2020,LoadEvaluator.java,1604742304226,3936,3936,(I)5(F)2(I)18,0.92,0.0,0.0,8.0,0.0,0.0,8.333333333333334,0.0,0.0,0.6666666666666666,0.0,0.0,7.666666666666667,0.0,[]
274,,Sat Nov 07 01:45:08 PST 2020,LoadEvaluator.java,1604742308338,-513,-513,(I)6(R)1(I)3(R)4(I)2(R)1(I)4,0.7142857142857143,0.0,0.0,0.0,0.0,0.0,0.0,0.0,0.0,0.0,0.0,null,0.0,0.0,[]
275,,Sat Nov 07 01:45:08 PST 2020,LoadEvaluator.java,1604742308034,26807,0,(I)3(R)7(I)1(R)1(I)1(R)5(I)7,0.48,0.0,0.0,0.0,0.0,0.0,0.9615384615384616,0.0,0.0,0.0,0.0,0.5,0.46153846153846156,0.0,[]
276,,Sat Nov 07 01:45:35 PST 2020,LoadEvaluator.java,1604742335523,20696,0,(I)12(R)7(I)5,0.7083333333333334,0.0,0.0,0.0,0.0,0.0,1.2,0.0,0.0,0.0,0.0,0.35,0.85,0.0,[]
277,,Sat Nov 07 01:45:56 PST 2020,LoadEvaluator.java,1604742356354,8992,8992,(I)24,1.0,0.0,0.0,0.0,0.0,0.0,3.0,0.0,0.0,0.0,0.0,0.0,3.0,0.0,[]
278,,Sat Nov 07 01:46:05 PST 2020,LoadEvaluator.java,1604742365507,3703,3703,(I)24,1.0,0.0,0.0,0.0,0.0,0.0,8.0,0.0,0.0,0.0,0.0,0.0,8.0,0.0,[]
279,,Sat Nov 07 01:46:07 PST 2020,LoadEvaluator.java,1604742367368,7962,7962,(I)17(R)7(I)1,0.72,0.0,0.0,0.0,0.0,0.0,3.5714285714285716,0.0,0.0,0.0,0.0,1.0,2.5714285714285716,0.0,[]
280,,Sat Nov 07 01:46:15 PST 2020,LoadEvaluator.java,1604742375907,475,475,(I)13(R)7(I)5,0.72,0.0,0.0,0.0,0.0,0.0,0.0,0.0,0.0,0.0,0.0,null,0.0,0.0,[]
281,,Sat Nov 07 01:46:16 PST 2020,LoadEvaluator.java,1604742376466,2060,2060,(I)19,1.0,0.0,0.0,0.0,0.0,0.0,9.5,0.0,0.0,0.0,0.0,0.0,9.5,0.0,[]
282,,Sat Nov 07 01:46:18 PST 2020,LoadEvaluator.java,1604742378866,10531,0,(I)6(R)1(I)17,0.9583333333333334,0.0,0.0,0.0,0.0,0.0,2.4,0.0,0.0,0.0,0.0,0.1,2.3,0.0,[]
283,,Sat Nov 07 01:46:29 PST 2020,LoadEvaluator.java,1604742389935,1678,1678,(I)11(R)1(I)13,0.96,0.0,0.0,0.0,0.0,0.0,25.0,0.0,0.0,0.0,0.0,1.0,24.0,0.0,[]
284,,Sat Nov 07 01:46:32 PST 2020,LoadEvaluator.java,1604742392027,3407,3407,(I)4(R)1(I)20,0.96,0.0,0.0,0.0,0.0,0.0,8.333333333333334,0.0,0.0,0.0,0.0,0.3333333333333333,8.0,0.0,[]
285,,Sat Nov 07 01:46:35 PST 2020,LoadEvaluator.java,1604742395561,28032,0,(I)7(R)2(I)15,0.9166666666666666,0.0,0.0,0.0,0.0,0.0,0.8571428571428571,0.0,0.0,0.0,0.0,0.07142857142857142,0.7857142857142857,0.0,[]
286,,Sat Nov 07 01:47:04 PST 2020,LoadEvaluator.java,1604742424030,10616,0,(I)9(R)2(I)9,0.9,0.0,0.0,0.0,0.0,0.0,2.0,0.0,0.0,0.0,0.0,0.2,1.8,0.0,[]
287,,Sat Nov 07 01:47:14 PST 2020,LoadEvaluator.java,1604742434738,2363,2363,(I)25,1.0,0.0,0.0,0.0,0.0,0.0,12.5,0.0,0.0,0.0,0.0,0.0,12.5,0.0,[]
288,,Sat Nov 07 01:47:17 PST 2020,LoadEvaluator.java,1604742437189,22872,0,(I)25,1.0,0.0,0.0,0.0,0.0,0.0,1.1363636363636365,0.0,0.0,0.0,0.0,0.0,1.1363636363636365,0.0,[]
289,,Sat Nov 07 01:47:40 PST 2020,LoadEvaluator.java,1604742460310,-19832,-19832,(I)8(F)2(I)15,0.92,0.0,0.0,8.0,0.0,0.0,0.0,0.0,0.0,0.0,0.0,null,0.0,0.0,[]
290,,Sat Nov 07 01:47:20 PST 2020,LoadEvaluator.java,1604742440659,92058,0,(I)25,1.0,0.0,0.0,0.0,0.0,0.0,0.2717391304347826,0.0,0.0,0.0,0.0,0.0,0.2717391304347826,0.0,[]
291,,Sat Nov 07 01:48:53 PST 2020,LoadEvaluator.java,1604742533148,667,667,(R)1(I)19(R)1(I)4,0.92,0.0,0.0,0.0,0.0,0.0,0.0,0.0,0.0,0.0,0.0,null,0.0,0.0,[]
292,,Sat Nov 07 01:48:53 PST 2020,LoadEvaluator.java,1604742533926,3574,3574,(I)25,1.0,0.0,0.0,0.0,0.0,0.0,8.333333333333334,0.0,0.0,0.0,0.0,0.0,8.333333333333334,0.0,[]
293,,Sat Nov 07 01:48:57 PST 2020,LoadEvaluator.java,1604742537656,-910,-910,(I)14(R)1(I)9,0.9583333333333334,0.0,0.0,0.0,0.0,0.0,0.0,0.0,0.0,0.0,0.0,null,0.0,0.0,[]
294,,Sat Nov 07 01:48:56 PST 2020,LoadEvaluator.java,1604742536917,13665,0,(I)13(R)1(I)11,0.96,0.0,0.0,0.0,0.0,0.0,1.9230769230769231,0.0,0.0,0.0,0.0,0.07692307692307693,1.8461538461538463,0.0,[]
295,,Sat Nov 07 01:49:10 PST 2020,LoadEvaluator.java,1604742550585,194,194,(I)10(R)1(I)2(R)11(I)1,0.52,0.0,0.0,0.0,0.0,0.0,0.0,0.0,0.0,0.0,0.0,null,0.0,0.0,[]
296,,Sat Nov 07 01:49:12 PST 2020,LoadEvaluator.java,1604742552351,9714,9714,(I)7(R)1(I)2(R)11(I)4,0.52,0.0,0.0,0.0,0.0,0.0,2.7777777777777777,0.0,0.0,0.0,0.0,1.3333333333333333,1.4444444444444444,0.0,[]
297,,Sat Nov 07 01:49:22 PST 2020,LoadEvaluator.java,1604742562474,11994,0,(I)6(R)3(I)15,0.875,0.0,0.0,0.0,0.0,0.0,2.1818181818181817,0.0,0.0,0.0,0.0,0.2727272727272727,1.9090909090909092,0.0,[]
298,,Sat Nov 07 01:49:34 PST 2020,LoadEvaluator.java,1604742574611,-3298,-3298,(I)14(R)3(I)8,0.88,0.0,0.0,0.0,0.0,0.0,0.0,0.0,0.0,0.0,0.0,null,0.0,0.0,[]
299,,Sat Nov 07 01:49:31 PST 2020,LoadEvaluator.java,1604742571476,15799,0,(I)19(R)1(I)4,0.9583333333333334,0.0,0.0,0.0,0.0,0.0,1.6,0.0,0.0,0.0,0.0,0.06666666666666667,1.5333333333333334,0.0,[]
300,,Sat Nov 07 01:49:47 PST 2020,LoadEvaluator.java,1604742587420,-1257,-1257,(I)24(R)1,0.96,0.0,0.0,0.0,0.0,0.0,0.0,0.0,0.0,0.0,0.0,null,0.0,0.0,[]
301,,Sat Nov 07 01:49:46 PST 2020,LoadEvaluator.java,1604742586219,21070,0,(I)24,1.0,0.0,0.0,0.0,0.0,0.0,1.1428571428571428,0.0,0.0,0.0,0.0,0.0,1.1428571428571428,0.0,[]
302,,Sat Nov 07 01:50:08 PST 2020,LoadEvaluator.java,1604742608906,20336,0,(I)5(F)2(I)16,0.9130434782608695,0.0,0.0,8.695652173913043,0.0,0.0,1.15,0.0,0.0,0.1,0.0,0.0,1.05,0.0,[]
303,,Sat Nov 07 01:50:29 PST 2020,LoadEvaluator.java,1604742629854,-5,-5,(I)25,1.0,0.0,0.0,0.0,0.0,0.0,0.0,0.0,0.0,0.0,0.0,null,0.0,0.0,[]
304,,Sat Nov 07 01:50:30 PST 2020,LoadEvaluator.java,1604742630024,9968,9968,(I)3(R)1(I)1(R)7(I)4(R)3(I)4(R)2,0.48,0.0,0.0,0.0,0.0,0.0,2.7777777777777777,0.0,0.0,0.0,0.0,1.4444444444444444,1.3333333333333333,0.0,[]
305,,Sat Nov 07 01:50:40 PST 2020,LoadEvaluator.java,1604742640095,212,212,(R)3(I)10(R)3(I)4(R)5,0.56,0.0,0.0,0.0,0.0,0.0,0.0,0.0,0.0,0.0,0.0,null,0.0,0.0,[]
306,,Sat Nov 07 01:50:40 PST 2020,LoadEvaluator.java,1604742640462,3914,3914,(I)25,1.0,0.0,0.0,0.0,0.0,0.0,8.333333333333334,0.0,0.0,0.0,0.0,0.0,8.333333333333334,0.0,[]
307,,Sat Nov 07 01:50:44 PST 2020,LoadEvaluator.java,1604742644524,130,130,(I)25,1.0,0.0,0.0,0.0,0.0,0.0,0.0,0.0,0.0,0.0,0.0,null,0.0,0.0,[]
308,,Sat Nov 07 01:50:44 PST 2020,LoadEvaluator.java,1604742644737,5065,5065,(I)24,1.0,0.0,0.0,0.0,0.0,0.0,4.8,0.0,0.0,0.0,0.0,0.0,4.8,0.0,[]
309,,Sat Nov 07 01:50:49 PST 2020,LoadEvaluator.java,1604742649805,2936,2936,(I)23,1.0,0.0,0.0,0.0,0.0,0.0,11.5,0.0,0.0,0.0,0.0,0.0,11.5,0.0,[]
310,,Sat Nov 07 01:50:52 PST 2020,LoadEvaluator.java,1604742652990,5685,5685,(I)8(R)15(I)2,0.4,0.0,0.0,0.0,0.0,0.0,5.0,0.0,0.0,0.0,0.0,3.0,2.0,0.0,[]
311,,Sat Nov 07 01:50:58 PST 2020,LoadEvaluator.java,1604742658758,4708,4708,(I)7(R)1(I)17,0.96,0.0,0.0,0.0,0.0,0.0,6.25,0.0,0.0,0.0,0.0,0.25,6.0,0.0,[]
312,,Sat Nov 07 01:51:04 PST 2020,LoadEvaluator.java,1604742664804,-1341,-1341,(I)2(R)1(I)1(R)1(I)19,0.9166666666666666,0.0,0.0,0.0,0.0,0.0,0.0,0.0,0.0,0.0,0.0,null,0.0,0.0,[]
313,,Sat Nov 07 01:51:05 PST 2020,LoadEvaluator.java,1604742665587,5331,5331,(I)1(R)1(I)1(R)1(I)21,0.92,0.0,0.0,0.0,0.0,0.0,5.0,0.0,0.0,0.0,0.0,0.4,4.6,0.0,[]
314,,Sat Nov 07 01:51:10 PST 2020,LoadEvaluator.java,1604742670921,2802,2802,(I)24,1.0,0.0,0.0,0.0,0.0,0.0,12.0,0.0,0.0,0.0,0.0,0.0,12.0,0.0,[]
315,,Sat Nov 07 01:51:13 PST 2020,LoadEvaluator.java,1604742673780,7327,7327,(I)19(R)2(I)3,0.9166666666666666,0.0,0.0,0.0,0.0,0.0,3.4285714285714284,0.0,0.0,0.0,0.0,0.2857142857142857,3.142857142857143,0.0,[]
316,,Sat Nov 07 01:51:21 PST 2020,LoadEvaluator.java,1604742681236,3242,3242,(I)1(R)1(I)2(R)5(I)1(R)2(I)5(R)1(I)1(R)5,0.4166666666666667,0.0,0.0,0.0,0.0,0.0,8.0,0.0,0.0,0.0,0.0,4.666666666666667,3.3333333333333335,0.0,[]
317,,Sat Nov 07 01:51:24 PST 2020,LoadEvaluator.java,1604742684845,48900,0,(R)7(I)3(R)1(I)1(F)1(I)1(F)1(I)4,0.47368421052631576,0.0,0.0,10.526315789473683,0.0,0.0,0.3958333333333333,0.0,0.0,0.041666666666666664,0.0,0.16666666666666666,0.1875,0.0,[]
318,,Sat Nov 07 01:52:13 PST 2020,CustomOperationRegisterer.java,1604742733876,14231,0,(I)21,1.0,0.0,0.0,0.0,0.0,0.0,1.5,0.0,0.0,0.0,0.0,0.0,1.5,0.0,[]
319,,Sat Nov 07 01:52:28 PST 2020,CustomOperationRegisterer.java,1604742748266,459,459,(I)25,1.0,0.0,0.0,0.0,0.0,0.0,0.0,0.0,0.0,0.0,0.0,null,0.0,0.0,[]
320,,Sat Nov 07 01:52:28 PST 2020,CustomOperationRegisterer.java,1604742748815,6334,6334,(I)25,1.0,0.0,0.0,0.0,0.0,0.0,4.166666666666667,0.0,0.0,0.0,0.0,0.0,4.166666666666667,0.0,[]
321,,Sat Nov 07 01:52:29 PST 2020,CustomOperationRegisterer.java,1604742749594,6666,6666,(I)25,1.0,0.0,0.0,0.0,0.0,0.0,4.166666666666667,0.0,0.0,0.0,0.0,0.0,4.166666666666667,0.0,[]
322,,Sat Nov 07 01:52:36 PST 2020,CustomOperationRegisterer.java,1604742756430,710,710,(I)25,1.0,0.0,0.0,0.0,0.0,0.0,0.0,0.0,0.0,0.0,0.0,null,0.0,0.0,[]
323,,Sat Nov 07 01:52:37 PST 2020,CustomOperationRegisterer.java,1604742757303,3003,3003,(I)25,1.0,0.0,0.0,0.0,0.0,0.0,8.333333333333334,0.0,0.0,0.0,0.0,0.0,8.333333333333334,0.0,[]
324,,Sat Nov 07 01:52:40 PST 2020,CustomOperationRegisterer.java,1604742760464,1075,1075,(I)22,1.0,0.0,0.0,0.0,0.0,0.0,22.0,0.0,0.0,0.0,0.0,0.0,22.0,0.0,[]
325,,Sat Nov 07 01:52:44 PST 2020,CustomOperationRegisterer.java,1604742764273,6192,6192,(I)2(R)1(I)10(R)1(I)9,0.9130434782608695,0.0,0.0,0.0,0.0,0.0,3.8333333333333335,0.0,0.0,0.0,0.0,0.3333333333333333,3.5,0.0,[]
326,,Sat Nov 07 01:52:50 PST 2020,CustomOperationRegisterer.java,1604742770472,3500,3500,(I)25,1.0,0.0,0.0,0.0,0.0,0.0,8.333333333333334,0.0,0.0,0.0,0.0,0.0,8.333333333333334,0.0,[]
327,,Sat Nov 07 01:52:54 PST 2020,CustomOperationRegisterer.java,1604742774147,3223,3223,(I)25,1.0,0.0,0.0,0.0,0.0,0.0,8.333333333333334,0.0,0.0,0.0,0.0,0.0,8.333333333333334,0.0,[]
328,,Sat Nov 07 01:52:57 PST 2020,CustomOperationRegisterer.java,1604742777562,9005,9005,(I)12(F)2(I)11,0.92,0.0,0.0,8.0,0.0,0.0,2.7777777777777777,0.0,0.0,0.2222222222222222,0.0,0.0,2.5555555555555554,0.0,[]
329,,Sat Nov 07 01:53:06 PST 2020,CustomOperationRegisterer.java,1604742786758,753,753,(I)8(R)1(I)16,0.96,0.0,0.0,0.0,0.0,0.0,0.0,0.0,0.0,0.0,0.0,null,0.0,0.0,[]
330,,Sat Nov 07 01:53:07 PST 2020,CustomOperationRegisterer.java,1604742787835,3155,3155,(I)1(R)1(I)5(R)2(I)4(R)2(I)10,0.8,0.0,0.0,0.0,0.0,0.0,8.333333333333334,0.0,0.0,0.0,0.0,1.6666666666666667,6.666666666666667,0.0,[]
331,,Sat Nov 07 01:53:11 PST 2020,CustomOperationRegisterer.java,1604742791360,586,586,(I)25,1.0,0.0,0.0,0.0,0.0,0.0,0.0,0.0,0.0,0.0,0.0,null,0.0,0.0,[]
332,,Sat Nov 07 01:53:12 PST 2020,CustomOperationRegisterer.java,1604742792046,14379,0,(I)25,1.0,0.0,0.0,0.0,0.0,0.0,1.7857142857142858,0.0,0.0,0.0,0.0,0.0,1.7857142857142858,0.0,[]
333,,Sat Nov 07 01:53:26 PST 2020,CustomOperationRegisterer.java,1604742806564,227,227,(I)25,1.0,0.0,0.0,0.0,0.0,0.0,0.0,0.0,0.0,0.0,0.0,null,0.0,0.0,[]
334,,Sat Nov 07 01:53:27 PST 2020,CustomOperationRegisterer.java,1604742807040,4282,4282,(I)25,1.0,0.0,0.0,0.0,0.0,0.0,6.25,0.0,0.0,0.0,0.0,0.0,6.25,0.0,[]
335,,Sat Nov 07 01:53:31 PST 2020,CustomOperationRegisterer.java,1604742811447,5103,5103,(I)14(R)1(I)10,0.96,0.0,0.0,0.0,0.0,0.0,5.0,0.0,0.0,0.0,0.0,0.2,4.8,0.0,[]
336,,Sat Nov 07 01:53:29 PST 2020,CustomOperationRegisterer.java,1604742809655,12856,0,(I)20,1.0,0.0,0.0,0.0,0.0,0.0,1.6666666666666667,0.0,0.0,0.0,0.0,0.0,1.6666666666666667,0.0,[]
337,,Sat Nov 07 01:53:42 PST 2020,CustomOperationRegisterer.java,1604742822512,10349,0,(I)25,1.0,0.0,0.0,0.0,0.0,0.0,2.5,0.0,0.0,0.0,0.0,0.0,2.5,0.0,[]
338,,Sat Nov 07 01:53:53 PST 2020,CustomOperationRegisterer.java,1604742833364,12694,0,(I)2(R)4(I)10(F)2(I)4,0.7272727272727273,0.0,0.0,9.090909090909092,0.0,0.0,1.8333333333333333,0.0,0.0,0.16666666666666666,0.0,0.3333333333333333,1.3333333333333333,0.0,[]
339,,Sat Nov 07 01:54:06 PST 2020,CustomOperationRegisterer.java,1604742846166,11218,0,(I)25,1.0,0.0,0.0,0.0,0.0,0.0,2.272727272727273,0.0,0.0,0.0,0.0,0.0,2.272727272727273,0.0,[]
340,,Sat Nov 07 01:54:17 PST 2020,CustomOperationRegisterer.java,1604742857470,231,231,(I)24,1.0,0.0,0.0,0.0,0.0,0.0,0.0,0.0,0.0,0.0,0.0,null,0.0,0.0,[]
341,,Sat Nov 07 01:54:17 PST 2020,mainClassRegistry.java,1604742857704,12259,0,(I)23,1.0,0.0,0.0,0.0,0.0,0.0,1.9166666666666667,0.0,0.0,0.0,0.0,0.0,1.9166666666666667,0.0,[]
342,,Sat Nov 07 01:54:30 PST 2020,mainClassRegistry.java,1604742870099,1172,1172,(I)21,1.0,0.0,0.0,0.0,0.0,0.0,21.0,0.0,0.0,0.0,0.0,0.0,21.0,0.0,[]
343,,Sat Nov 07 01:54:31 PST 2020,mainClassRegistry.java,1604742871607,11284,0,(I)25,1.0,0.0,0.0,0.0,0.0,0.0,2.272727272727273,0.0,0.0,0.0,0.0,0.0,2.272727272727273,0.0,[]
344,,Sat Nov 07 01:54:43 PST 2020,mainClassRegistry.java,1604742883113,146,146,(I)11(F)2(I)6,0.8947368421052632,0.0,0.0,10.526315789473683,0.0,0.0,0.0,0.0,0.0,0.0,0.0,null,0.0,0.0,[]
345,,Sat Nov 07 01:54:43 PST 2020,CustomOperationRegisterer.java,1604742883315,22797,0,(I)25,1.0,0.0,0.0,0.0,0.0,0.0,1.1363636363636365,0.0,0.0,0.0,0.0,0.0,1.1363636363636365,0.0,[]
346,,Sat Nov 07 01:55:06 PST 2020,CustomOperationRegisterer.java,1604742906236,3,3,(I)25,1.0,0.0,0.0,0.0,0.0,0.0,0.0,0.0,0.0,0.0,0.0,null,0.0,0.0,[]
347,,Sat Nov 07 01:55:06 PST 2020,RunF20A5Tests.java,1604742906374,32051,0,(I)10(D)2(F)1(D)3,0.625,31.25,0.0,6.25,0.0,0.0,0.5,0.0,0.15625,0.03125,0.0,0.0,0.3125,0.0,[]
348,,Sat Nov 07 01:55:39 PST 2020,LTEvaluator.java,1604742939365,51863,0,(D)4(F)1(I)1(F)4(I)10,0.55,20.0,0.0,25.0,0.0,0.0,0.39215686274509803,0.0,0.0784313725490196,0.09803921568627451,0.0,0.0,0.21568627450980393,0.0,[]
349,,Sat Nov 07 01:56:31 PST 2020,LTEvaluator.java,1604742991351,-274,-274,(I)22,1.0,0.0,0.0,0.0,0.0,0.0,0.0,0.0,0.0,0.0,0.0,null,0.0,0.0,[]
350,,Sat Nov 07 01:56:31 PST 2020,LTEvaluator.java,1604742991226,30627,0,(I)14(R)1(F)2(I)3(F)2(I)2(F)1,0.76,0.0,0.0,20.0,0.0,0.0,0.8333333333333334,0.0,0.0,0.16666666666666666,0.0,0.03333333333333333,0.6333333333333333,0.0,[]
351,,Sat Nov 07 01:56:44 PST 2020,LTEvaluator.java,1604743004890,304418,0,(I)8(F)1(I)5(R)1(I)9,0.9166666666666666,0.0,0.0,4.166666666666666,0.0,0.0,0.07894736842105263,0.0,0.0,0.003289473684210526,0.0,0.003289473684210526,0.07236842105263158,0.0,[]
352,,Sat Nov 07 02:01:49 PST 2020,LTEvaluator.java,1604743309455,104999,0,(I)5(R)1(I)18,0.9583333333333334,0.0,0.0,0.0,0.0,0.0,0.23076923076923078,0.0,0.0,0.0,0.0,0.009615384615384616,0.22115384615384615,0.0,[]
353,,Sat Nov 07 02:03:35 PST 2020,LTEvaluator.java,1604743415746,7068,7068,(I)8(R)2(I)14,0.9166666666666666,0.0,0.0,0.0,0.0,0.0,3.4285714285714284,0.0,0.0,0.0,0.0,0.2857142857142857,3.142857142857143,0.0,[]
354,,Sat Nov 07 02:03:43 PST 2020,LTEvaluator.java,1604743423014,2574,2574,(I)25,1.0,0.0,0.0,0.0,0.0,0.0,12.5,0.0,0.0,0.0,0.0,0.0,12.5,0.0,[]
355,,Sat Nov 07 02:03:45 PST 2020,LTEvaluator.java,1604743425590,4849,4849,(I)23,1.0,0.0,0.0,0.0,0.0,0.0,5.75,0.0,0.0,0.0,0.0,0.0,5.75,0.0,[]
356,,Sat Nov 07 02:03:50 PST 2020,LTEvaluator.java,1604743430929,5514,5514,(I)25,1.0,0.0,0.0,0.0,0.0,0.0,5.0,0.0,0.0,0.0,0.0,0.0,5.0,0.0,[]
357,,Sat Nov 07 02:03:56 PST 2020,LTEvaluator.java,1604743436446,9507,9507,(I)25,1.0,0.0,0.0,0.0,0.0,0.0,2.7777777777777777,0.0,0.0,0.0,0.0,0.0,2.7777777777777777,0.0,[]
358,,Sat Nov 07 02:04:06 PST 2020,LTEvaluator.java,1604743446034,3450,3450,(I)24,1.0,0.0,0.0,0.0,0.0,0.0,8.0,0.0,0.0,0.0,0.0,0.0,8.0,0.0,[]
359,,Sat Nov 07 02:04:10 PST 2020,LTEvaluator.java,1604743450156,4675,4675,(I)21,1.0,0.0,0.0,0.0,0.0,0.0,5.25,0.0,0.0,0.0,0.0,0.0,5.25,0.0,[]
360,,Sat Nov 07 02:04:14 PST 2020,LTEvaluator.java,1604743454833,3782,3782,(I)5(R)6(I)14,0.76,0.0,0.0,0.0,0.0,0.0,8.333333333333334,0.0,0.0,0.0,0.0,2.0,6.333333333333333,0.0,[]
361,,Sat Nov 07 02:04:18 PST 2020,LTEvaluator.java,1604743458730,2667,2667,(I)25,1.0,0.0,0.0,0.0,0.0,0.0,12.5,0.0,0.0,0.0,0.0,0.0,12.5,0.0,[]
362,,Sat Nov 07 02:04:21 PST 2020,LTEvaluator.java,1604743461399,3676,3676,(I)25,1.0,0.0,0.0,0.0,0.0,0.0,8.333333333333334,0.0,0.0,0.0,0.0,0.0,8.333333333333334,0.0,[]
363,,Sat Nov 07 02:04:25 PST 2020,LTEvaluator.java,1604743465217,11592,0,(I)3(R)6(I)12,0.7142857142857143,0.0,0.0,0.0,0.0,0.0,1.9090909090909092,0.0,0.0,0.0,0.0,0.5454545454545454,1.3636363636363635,0.0,[]
364,,Sat Nov 07 02:04:37 PST 2020,LTEvaluator.java,1604743477049,5420,5420,(R)1(I)4(R)3(I)8(R)1(I)5,0.7727272727272727,0.0,0.0,0.0,0.0,0.0,4.4,0.0,0.0,0.0,0.0,1.0,3.4,0.0,[]
365,,Sat Nov 07 02:04:53 PST 2020,LTEvaluator.java,1604743493209,3671,3671,(I)25,1.0,0.0,0.0,0.0,0.0,0.0,8.333333333333334,0.0,0.0,0.0,0.0,0.0,8.333333333333334,0.0,[]
366,,Sat Nov 07 02:04:56 PST 2020,LTEvaluator.java,1604743496883,3716,3716,(I)25,1.0,0.0,0.0,0.0,0.0,0.0,8.333333333333334,0.0,0.0,0.0,0.0,0.0,8.333333333333334,0.0,[]
367,,Sat Nov 07 02:05:01 PST 2020,LTEvaluator.java,1604743501086,1850,1850,(I)25,1.0,0.0,0.0,0.0,0.0,0.0,25.0,0.0,0.0,0.0,0.0,0.0,25.0,0.0,[]
368,,Sat Nov 07 02:05:02 PST 2020,LTEvaluator.java,1604743502939,2277,2277,(I)25,1.0,0.0,0.0,0.0,0.0,0.0,12.5,0.0,0.0,0.0,0.0,0.0,12.5,0.0,[]
369,,Sat Nov 07 02:05:05 PST 2020,LTEvaluator.java,1604743505800,2877,2877,(I)4(R)4(I)17,0.84,0.0,0.0,0.0,0.0,0.0,12.5,0.0,0.0,0.0,0.0,2.0,10.5,0.0,[]
370,,Sat Nov 07 02:05:08 PST 2020,LTEvaluator.java,1604743508679,5129,5129,(I)15(R)4(I)6,0.84,0.0,0.0,0.0,0.0,0.0,5.0,0.0,0.0,0.0,0.0,0.8,4.2,0.0,[]
371,,Sat Nov 07 02:05:14 PST 2020,LTEvaluator.java,1604743514158,3201,3201,(I)25,1.0,0.0,0.0,0.0,0.0,0.0,8.333333333333334,0.0,0.0,0.0,0.0,0.0,8.333333333333334,0.0,[]
372,,Sat Nov 07 02:05:17 PST 2020,LTEvaluator.java,1604743517362,2661,2661,(I)25,1.0,0.0,0.0,0.0,0.0,0.0,12.5,0.0,0.0,0.0,0.0,0.0,12.5,0.0,[]
373,,Sat Nov 07 02:05:20 PST 2020,LTEvaluator.java,1604743520128,9893,9893,(I)21(F)3,0.875,0.0,0.0,12.5,0.0,0.0,2.6666666666666665,0.0,0.0,0.3333333333333333,0.0,0.0,2.3333333333333335,0.0,[]
374,,Sat Nov 07 02:05:30 PST 2020,LTEvaluator.java,1604743530138,199525,0,(F)1(I)23,0.9583333333333334,0.0,0.0,4.166666666666666,0.0,0.0,0.12060301507537688,0.0,0.0,0.005025125628140704,0.0,0.0,0.11557788944723618,0.0,[]
375,,Sat Nov 07 02:08:49 PST 2020,LTEvaluator.java,1604743729666,10365,0,(I)24,1.0,0.0,0.0,0.0,0.0,0.0,2.4,0.0,0.0,0.0,0.0,0.0,2.4,0.0,[]
376,,Sat Nov 07 02:09:00 PST 2020,LTEvaluator.java,1604743740203,417,417,(I)25,1.0,0.0,0.0,0.0,0.0,0.0,0.0,0.0,0.0,0.0,0.0,null,0.0,0.0,[]
377,,Sat Nov 07 02:09:00 PST 2020,LTEvaluator.java,1604743740691,5821,5821,(I)15(R)2(I)7(R)1,0.88,0.0,0.0,0.0,0.0,0.0,5.0,0.0,0.0,0.0,0.0,0.6,4.4,0.0,[]
378,,Sat Nov 07 02:09:06 PST 2020,LTEvaluator.java,1604743746700,4856,4856,(R)3(I)3(R)2(I)7(R)4(I)1(R)1(I)4,0.6,0.0,0.0,0.0,0.0,0.0,6.25,0.0,0.0,0.0,0.0,2.5,3.75,0.0,[]
379,,Sat Nov 07 02:09:11 PST 2020,LTEvaluator.java,1604743751714,7374,7374,(I)3(R)1(I)21,0.96,0.0,0.0,0.0,0.0,0.0,3.5714285714285716,0.0,0.0,0.0,0.0,0.14285714285714285,3.4285714285714284,0.0,[]
380,,Sat Nov 07 02:09:19 PST 2020,LTEvaluator.java,1604743759268,557,557,(I)25,1.0,0.0,0.0,0.0,0.0,0.0,0.0,0.0,0.0,0.0,0.0,null,0.0,0.0,[]
381,,Sat Nov 07 02:09:20 PST 2020,LTEvaluator.java,1604743760511,2058,2058,(I)24,1.0,0.0,0.0,0.0,0.0,0.0,12.0,0.0,0.0,0.0,0.0,0.0,12.0,0.0,[]
382,,Sat Nov 07 02:09:22 PST 2020,LTEvaluator.java,1604743762890,6354,6354,(I)25,1.0,0.0,0.0,0.0,0.0,0.0,4.166666666666667,0.0,0.0,0.0,0.0,0.0,4.166666666666667,0.0,[]
383,,Sat Nov 07 02:09:29 PST 2020,LTEvaluator.java,1604743769309,2014,2014,(I)25,1.0,0.0,0.0,0.0,0.0,0.0,12.5,0.0,0.0,0.0,0.0,0.0,12.5,0.0,[]
384,,Sat Nov 07 02:09:31 PST 2020,LTEvaluator.java,1604743771470,9527,9527,(I)8(R)2(I)5(R)2(I)2(R)6,0.6,0.0,0.0,0.0,0.0,0.0,2.7777777777777777,0.0,0.0,0.0,0.0,1.1111111111111112,1.6666666666666667,0.0,[]
385,,Sat Nov 07 02:09:41 PST 2020,LTEvaluator.java,1604743781722,146,146,(I)6(R)2(I)5(R)2(I)2(R)6(I)2,0.6,0.0,0.0,0.0,0.0,0.0,0.0,0.0,0.0,0.0,0.0,null,0.0,0.0,[]
386,,Sat Nov 07 02:09:41 PST 2020,LTEvaluator.java,1604743781974,12827,0,(I)5(R)2(I)9(R)2(I)7,0.84,0.0,0.0,0.0,0.0,0.0,2.0833333333333335,0.0,0.0,0.0,0.0,0.3333333333333333,1.75,0.0,[]
387,,Sat Nov 07 02:09:54 PST 2020,LTEvaluator.java,1604743794967,6651,6651,(I)3(R)1(I)2(R)1(I)15,0.9090909090909091,0.0,0.0,0.0,0.0,0.0,3.6666666666666665,0.0,0.0,0.0,0.0,0.3333333333333333,3.3333333333333335,0.0,[]
388,,Sat Nov 07 02:10:03 PST 2020,LTEvaluator.java,1604743803509,7794,7794,(I)5(R)1(I)5(R)1(I)13,0.92,0.0,0.0,0.0,0.0,0.0,3.5714285714285716,0.0,0.0,0.0,0.0,0.2857142857142857,3.2857142857142856,0.0,[]
389,,Sat Nov 07 02:10:11 PST 2020,LTEvaluator.java,1604743811438,660,660,(I)12(R)1(I)11,0.9583333333333334,0.0,0.0,0.0,0.0,0.0,0.0,0.0,0.0,0.0,0.0,null,0.0,0.0,[]
390,,Sat Nov 07 02:10:12 PST 2020,LTEvaluator.java,1604743812214,5256,5256,(I)6(R)1(I)18,0.96,0.0,0.0,0.0,0.0,0.0,5.0,0.0,0.0,0.0,0.0,0.2,4.8,0.0,[]
391,,Sat Nov 07 02:10:15 PST 2020,LTEvaluator.java,1604743815443,20735,0,(I)25,1.0,0.0,0.0,0.0,0.0,0.0,1.25,0.0,0.0,0.0,0.0,0.0,1.25,0.0,[]
392,,Sat Nov 07 02:10:36 PST 2020,LTEvaluator.java,1604743836323,-477,-477,(I)7(R)1(I)17,0.96,0.0,0.0,0.0,0.0,0.0,0.0,0.0,0.0,0.0,0.0,null,0.0,0.0,[]
393,,Sat Nov 07 02:10:35 PST 2020,LTEvaluator.java,1604743835935,26926,0,(I)9(R)1(I)15,0.96,0.0,0.0,0.0,0.0,0.0,0.9615384615384616,0.0,0.0,0.0,0.0,0.038461538461538464,0.9230769230769231,0.0,[]
394,,Sat Nov 07 02:11:02 PST 2020,LTEvaluator.java,1604743862863,4200,4200,(I)23(R)2,0.92,0.0,0.0,0.0,0.0,0.0,6.25,0.0,0.0,0.0,0.0,0.5,5.75,0.0,[]
395,,Sat Nov 07 02:11:07 PST 2020,LTEvaluator.java,1604743867185,6649,6649,(R)2(I)11(R)4(I)5(R)1(I)2,0.72,0.0,0.0,0.0,0.0,0.0,4.166666666666667,0.0,0.0,0.0,0.0,1.1666666666666667,3.0,0.0,[]
396,,Sat Nov 07 02:11:13 PST 2020,LTEvaluator.java,1604743873964,-2,-2,(I)14(R)4(I)2(R)1(I)3,0.7916666666666666,0.0,0.0,0.0,0.0,0.0,0.0,0.0,0.0,0.0,0.0,null,0.0,0.0,[]
397,,Sat Nov 07 02:11:14 PST 2020,LTEvaluator.java,1604743874134,4958,4958,(I)13(R)6(I)6,0.76,0.0,0.0,0.0,0.0,0.0,6.25,0.0,0.0,0.0,0.0,1.5,4.75,0.0,[]
398,,Sat Nov 07 02:11:19 PST 2020,LTEvaluator.java,1604743879478,9791,9791,(I)24,1.0,0.0,0.0,0.0,0.0,0.0,2.6666666666666665,0.0,0.0,0.0,0.0,0.0,2.6666666666666665,0.0,[]
399,,Sat Nov 07 02:11:29 PST 2020,LTEvaluator.java,1604743889382,7534,7534,(I)25,1.0,0.0,0.0,0.0,0.0,0.0,3.5714285714285716,0.0,0.0,0.0,0.0,0.0,3.5714285714285716,0.0,[]
400,,Sat Nov 07 02:11:37 PST 2020,LTEvaluator.java,1604743897034,2948,2948,(I)3(R)2(I)16(R)2,0.8260869565217391,0.0,0.0,0.0,0.0,0.0,11.5,0.0,0.0,0.0,0.0,2.0,9.5,0.0,[]
401,,Sat Nov 07 02:11:40 PST 2020,LTEvaluator.java,1604743900147,5926,5926,(I)4(R)4(I)5(R)5(I)6(R)1,0.6,0.0,0.0,0.0,0.0,0.0,5.0,0.0,0.0,0.0,0.0,2.0,3.0,0.0,[]
402,,Sat Nov 07 02:11:46 PST 2020,LTEvaluator.java,1604743906882,2542,2542,(I)1(R)1(I)4(R)1(I)8(R)1(I)1(R)1(I)4(R)1(I)2,0.8,0.0,0.0,0.0,0.0,0.0,12.5,0.0,0.0,0.0,0.0,2.5,10.0,0.0,[]
403,,Sat Nov 07 02:11:49 PST 2020,LTEvaluator.java,1604743909583,6502,6502,(I)25,1.0,0.0,0.0,0.0,0.0,0.0,4.166666666666667,0.0,0.0,0.0,0.0,0.0,4.166666666666667,0.0,[]
404,,Sat Nov 07 02:11:56 PST 2020,LTEvaluator.java,1604743916261,840,840,(I)4(R)3(I)17(R)1,0.84,0.0,0.0,0.0,0.0,0.0,0.0,0.0,0.0,0.0,0.0,null,0.0,0.0,[]
405,,Sat Nov 07 02:11:57 PST 2020,LTEvaluator.java,1604743917254,6161,6161,(R)2(I)22,0.9166666666666666,0.0,0.0,0.0,0.0,0.0,4.0,0.0,0.0,0.0,0.0,0.3333333333333333,3.6666666666666665,0.0,[]
406,,Sat Nov 07 02:12:03 PST 2020,LTEvaluator.java,1604743923639,4356,4356,(I)25,1.0,0.0,0.0,0.0,0.0,0.0,6.25,0.0,0.0,0.0,0.0,0.0,6.25,0.0,[]
407,,Sat Nov 07 02:12:06 PST 2020,LTEvaluator.java,1604743926619,1573,1573,(I)24,1.0,0.0,0.0,0.0,0.0,0.0,24.0,0.0,0.0,0.0,0.0,0.0,24.0,0.0,[]
408,,Sat Nov 07 02:12:08 PST 2020,LTEvaluator.java,1604743928367,5272,5272,(I)25,1.0,0.0,0.0,0.0,0.0,0.0,5.0,0.0,0.0,0.0,0.0,0.0,5.0,0.0,[]
409,,Sat Nov 07 02:12:13 PST 2020,LTEvaluator.java,1604743933956,1742,1742,(I)4(R)3(I)14(R)3(I)1,0.76,0.0,0.0,0.0,0.0,0.0,25.0,0.0,0.0,0.0,0.0,6.0,19.0,0.0,[]
410,,Sat Nov 07 02:12:15 PST 2020,LTEvaluator.java,1604743935798,6175,6175,(I)25,1.0,0.0,0.0,0.0,0.0,0.0,4.166666666666667,0.0,0.0,0.0,0.0,0.0,4.166666666666667,0.0,[]
411,,Sat Nov 07 02:12:22 PST 2020,LTEvaluator.java,1604743942232,6056,6056,(I)23,1.0,0.0,0.0,0.0,0.0,0.0,3.8333333333333335,0.0,0.0,0.0,0.0,0.0,3.8333333333333335,0.0,[]
412,,Sat Nov 07 02:12:28 PST 2020,LTEvaluator.java,1604743948491,2605,2605,(I)25,1.0,0.0,0.0,0.0,0.0,0.0,12.5,0.0,0.0,0.0,0.0,0.0,12.5,0.0,[]
413,,Sat Nov 07 02:12:31 PST 2020,LTEvaluator.java,1604743951098,5832,5832,(I)7(R)4(I)12,0.8260869565217391,0.0,0.0,0.0,0.0,0.0,4.6,0.0,0.0,0.0,0.0,0.8,3.8,0.0,[]
414,,Sat Nov 07 02:12:37 PST 2020,LTEvaluator.java,1604743957468,19324,0,(I)23,1.0,0.0,0.0,0.0,0.0,0.0,1.2105263157894737,0.0,0.0,0.0,0.0,0.0,1.2105263157894737,0.0,[]
415,,Sat Nov 07 02:12:57 PST 2020,LTEvaluator.java,1604743977004,6551,6551,(I)25,1.0,0.0,0.0,0.0,0.0,0.0,4.166666666666667,0.0,0.0,0.0,0.0,0.0,4.166666666666667,0.0,[]
416,,Sat Nov 07 02:13:03 PST 2020,LTEvaluator.java,1604743983712,15053,0,(I)24,1.0,0.0,0.0,0.0,0.0,0.0,1.6,0.0,0.0,0.0,0.0,0.0,1.6,0.0,[]
417,,Sat Nov 07 02:13:19 PST 2020,LTEvaluator.java,1604743999278,3722,3722,(I)25,1.0,0.0,0.0,0.0,0.0,0.0,8.333333333333334,0.0,0.0,0.0,0.0,0.0,8.333333333333334,0.0,[]
418,,Sat Nov 07 02:13:23 PST 2020,LTEvaluator.java,1604744003004,3601,3601,(I)24,1.0,0.0,0.0,0.0,0.0,0.0,8.0,0.0,0.0,0.0,0.0,0.0,8.0,0.0,[]
419,,Sat Nov 07 02:13:26 PST 2020,LTEvaluator.java,1604744006785,20221,0,(I)24,1.0,0.0,0.0,0.0,0.0,0.0,1.2,0.0,0.0,0.0,0.0,0.0,1.2,0.0,[]
420,,Sat Nov 07 02:13:47 PST 2020,LTEvaluator.java,1604744027009,3270,3270,(I)25,1.0,0.0,0.0,0.0,0.0,0.0,8.333333333333334,0.0,0.0,0.0,0.0,0.0,8.333333333333334,0.0,[]
421,,Sat Nov 07 02:13:50 PST 2020,LTEvaluator.java,1604744030404,6454,6454,(I)23,1.0,0.0,0.0,0.0,0.0,0.0,3.8333333333333335,0.0,0.0,0.0,0.0,0.0,3.8333333333333335,0.0,[]
422,,Sat Nov 07 02:13:56 PST 2020,LTEvaluator.java,1604744036861,2017,2017,(I)1(R)8(I)16,0.68,0.0,0.0,0.0,0.0,0.0,12.5,0.0,0.0,0.0,0.0,4.0,8.5,0.0,[]
423,,Sat Nov 07 02:13:58 PST 2020,LTEvaluator.java,1604744038928,6165,6165,(I)16(R)2(I)7,0.92,0.0,0.0,0.0,0.0,0.0,4.166666666666667,0.0,0.0,0.0,0.0,0.3333333333333333,3.8333333333333335,0.0,[]
424,,Sat Nov 07 02:14:05 PST 2020,LTEvaluator.java,1604744045097,6231,6231,(I)1(R)4(I)20,0.84,0.0,0.0,0.0,0.0,0.0,4.166666666666667,0.0,0.0,0.0,0.0,0.6666666666666666,3.5,0.0,[]
425,,Sat Nov 07 02:14:11 PST 2020,LTEvaluator.java,1604744051459,3289,3289,(I)25,1.0,0.0,0.0,0.0,0.0,0.0,8.333333333333334,0.0,0.0,0.0,0.0,0.0,8.333333333333334,0.0,[]
426,,Sat Nov 07 02:14:14 PST 2020,LTEvaluator.java,1604744054751,7238,7238,(I)22,1.0,0.0,0.0,0.0,0.0,0.0,3.142857142857143,0.0,0.0,0.0,0.0,0.0,3.142857142857143,0.0,[]
427,,Sat Nov 07 02:14:21 PST 2020,LTEvaluator.java,1604744061997,102771,0,(I)22,1.0,0.0,0.0,0.0,0.0,0.0,0.21568627450980393,0.0,0.0,0.0,0.0,0.0,0.21568627450980393,0.0,[]
428,,Sat Nov 07 02:16:07 PST 2020,LTEvaluator.java,1604744167094,26603,0,(R)8(I)13,0.6190476190476191,0.0,0.0,0.0,0.0,0.0,0.8076923076923077,0.0,0.0,0.0,0.0,0.3076923076923077,0.5,0.0,[]
429,,Sat Nov 07 02:16:33 PST 2020,LTEvaluator.java,1604744193835,12245,0,(I)24,1.0,0.0,0.0,0.0,0.0,0.0,2.0,0.0,0.0,0.0,0.0,0.0,2.0,0.0,[]
430,,Sat Nov 07 02:16:46 PST 2020,LTEvaluator.java,1604744206391,26559,0,(I)1(R)1(I)2(F)2(I)2(R)1(I)12(R)1(I)2,0.7916666666666666,0.0,0.0,8.333333333333332,0.0,0.0,0.9230769230769231,0.0,0.0,0.07692307692307693,0.0,0.11538461538461539,0.7307692307692307,0.0,[]
431,,Sat Nov 07 02:17:13 PST 2020,LTEvaluator.java,1604744233087,7427,7427,(I)1(R)1(I)4(R)1(I)8(R)4,0.6842105263157895,0.0,0.0,0.0,0.0,0.0,2.7142857142857144,0.0,0.0,0.0,0.0,0.8571428571428571,1.8571428571428572,0.0,[]
432,,Sat Nov 07 02:17:20 PST 2020,LTEvaluator.java,1604744240653,18666,0,(I)9(R)1(I)3(R)1(I)9,0.9130434782608695,0.0,0.0,0.0,0.0,0.0,1.2777777777777777,0.0,0.0,0.0,0.0,0.1111111111111111,1.1666666666666667,0.0,[]
433,,Sat Nov 07 02:17:51 PST 2020,LTEvaluator.java,1604744271452,23268,0,(I)24,1.0,0.0,0.0,0.0,0.0,0.0,1.0434782608695652,0.0,0.0,0.0,0.0,0.0,1.0434782608695652,0.0,[]
434,,Sat Nov 07 02:18:15 PST 2020,LTEvaluator.java,1604744295647,7545,7545,(I)21,1.0,0.0,0.0,0.0,0.0,0.0,3.0,0.0,0.0,0.0,0.0,0.0,3.0,0.0,[]
435,,Sat Nov 07 02:18:23 PST 2020,LTEvaluator.java,1604744303337,10681,0,(I)3(R)1(I)7(R)3(I)2(R)1(I)2,0.7368421052631579,0.0,0.0,0.0,0.0,0.0,1.9,0.0,0.0,0.0,0.0,0.5,1.4,0.0,[]
436,,Sat Nov 07 02:18:34 PST 2020,LTEvaluator.java,1604744314503,10311,0,(I)5(R)4(I)16,0.84,0.0,0.0,0.0,0.0,0.0,2.5,0.0,0.0,0.0,0.0,0.4,2.1,0.0,[]
437,,Sat Nov 07 02:18:44 PST 2020,LTEvaluator.java,1604744324920,11421,0,(I)25,1.0,0.0,0.0,0.0,0.0,0.0,2.272727272727273,0.0,0.0,0.0,0.0,0.0,2.272727272727273,0.0,[]
438,,Sat Nov 07 02:18:56 PST 2020,LTEvaluator.java,1604744336437,12193,0,(I)23(R)1(I)1,0.96,0.0,0.0,0.0,0.0,0.0,2.0833333333333335,0.0,0.0,0.0,0.0,0.08333333333333333,2.0,0.0,[]
439,,Sat Nov 07 02:19:08 PST 2020,LTEvaluator.java,1604744348801,8888,8888,(I)6(R)2(I)17,0.92,0.0,0.0,0.0,0.0,0.0,3.125,0.0,0.0,0.0,0.0,0.25,2.875,0.0,[]
440,,Sat Nov 07 02:19:17 PST 2020,LTEvaluator.java,1604744357772,12921,0,(I)16(R)2(F)4(I)1,0.7391304347826086,0.0,0.0,17.391304347826086,0.0,0.0,1.9166666666666667,0.0,0.0,0.3333333333333333,0.0,0.16666666666666666,1.4166666666666667,0.0,[]
441,,Sat Nov 07 02:19:31 PST 2020,LTEvaluator.java,1604744371041,26424,0,(R)3(I)2(R)3(I)1(R)3(I)1(R)3(I)9,0.52,0.0,0.0,0.0,0.0,0.0,0.9615384615384616,0.0,0.0,0.0,0.0,0.46153846153846156,0.5,0.0,[]
442,,Sat Nov 07 02:19:57 PST 2020,LTEvaluator.java,1604744397719,8369,8369,(R)1(I)3(R)1(I)18(R)1,0.875,0.0,0.0,0.0,0.0,0.0,3.0,0.0,0.0,0.0,0.0,0.375,2.625,0.0,[]
443,,Sat Nov 07 02:20:06 PST 2020,LTEvaluator.java,1604744406354,42002,0,(I)19(F)2(I)4,0.92,0.0,0.0,8.0,0.0,0.0,0.5952380952380952,0.0,0.0,0.047619047619047616,0.0,0.0,0.5476190476190477,0.0,[]
444,,Sat Nov 07 02:20:48 PST 2020,LTEvaluator.java,1604744448948,2565,2565,(I)25,1.0,0.0,0.0,0.0,0.0,0.0,12.5,0.0,0.0,0.0,0.0,0.0,12.5,0.0,[]
445,,Sat Nov 07 02:20:51 PST 2020,LTEvaluator.java,1604744451513,-1547,-1547,(I)23,1.0,0.0,0.0,0.0,0.0,0.0,0.0,0.0,0.0,0.0,0.0,null,0.0,0.0,[]
446,,Sat Nov 07 02:20:50 PST 2020,LTEvaluator.java,1604744450418,3559,3559,(I)25,1.0,0.0,0.0,0.0,0.0,0.0,8.333333333333334,0.0,0.0,0.0,0.0,0.0,8.333333333333334,0.0,[]
447,,Sat Nov 07 02:20:53 PST 2020,LTEvaluator.java,1604744453978,1889,1889,(I)5(R)3(I)17,0.88,0.0,0.0,0.0,0.0,0.0,25.0,0.0,0.0,0.0,0.0,3.0,22.0,0.0,[]
448,,Sat Nov 07 02:20:55 PST 2020,LTEvaluator.java,1604744455867,3365,3365,(I)25,1.0,0.0,0.0,0.0,0.0,0.0,8.333333333333334,0.0,0.0,0.0,0.0,0.0,8.333333333333334,0.0,[]
449,,Sat Nov 07 02:21:01 PST 2020,LTEvaluator.java,1604744461473,6953,6953,(I)25,1.0,0.0,0.0,0.0,0.0,0.0,4.166666666666667,0.0,0.0,0.0,0.0,0.0,4.166666666666667,0.0,[]
450,,Sat Nov 07 02:21:08 PST 2020,LTEvaluator.java,1604744468426,2601,2601,(I)23,1.0,0.0,0.0,0.0,0.0,0.0,11.5,0.0,0.0,0.0,0.0,0.0,11.5,0.0,[]
451,,Sat Nov 07 02:21:11 PST 2020,LTEvaluator.java,1604744471685,1587,1587,(I)25,1.0,0.0,0.0,0.0,0.0,0.0,25.0,0.0,0.0,0.0,0.0,0.0,25.0,0.0,[]
452,,Sat Nov 07 02:21:13 PST 2020,LTEvaluator.java,1604744473272,3840,3840,(I)25,1.0,0.0,0.0,0.0,0.0,0.0,8.333333333333334,0.0,0.0,0.0,0.0,0.0,8.333333333333334,0.0,[]
453,,Sat Nov 07 02:21:17 PST 2020,LTEvaluator.java,1604744477248,653,653,(I)2(R)2(I)19(R)1(I)1,0.88,0.0,0.0,0.0,0.0,0.0,0.0,0.0,0.0,0.0,0.0,null,0.0,0.0,[]
454,,Sat Nov 07 02:21:18 PST 2020,LTEvaluator.java,1604744478106,623,623,(I)25,1.0,0.0,0.0,0.0,0.0,0.0,0.0,0.0,0.0,0.0,0.0,null,0.0,0.0,[]
455,,Sat Nov 07 02:21:18 PST 2020,LTEvaluator.java,1604744478888,8950,8950,(I)23,1.0,0.0,0.0,0.0,0.0,0.0,2.875,0.0,0.0,0.0,0.0,0.0,2.875,0.0,[]
456,,Sat Nov 07 02:21:27 PST 2020,LTEvaluator.java,1604744487838,1767,1767,(I)22(R)3,0.88,0.0,0.0,0.0,0.0,0.0,25.0,0.0,0.0,0.0,0.0,3.0,22.0,0.0,[]
457,,Sat Nov 07 02:21:29 PST 2020,LTEvaluator.java,1604744489915,1745,1745,(I)25,1.0,0.0,0.0,0.0,0.0,0.0,25.0,0.0,0.0,0.0,0.0,0.0,25.0,0.0,[]
458,,Sat Nov 07 02:21:31 PST 2020,LTEvaluator.java,1604744491674,5048,5048,(I)23,1.0,0.0,0.0,0.0,0.0,0.0,4.6,0.0,0.0,0.0,0.0,0.0,4.6,0.0,[]
459,,Sat Nov 07 02:21:36 PST 2020,LTEvaluator.java,1604744496722,2394,2394,(I)25,1.0,0.0,0.0,0.0,0.0,0.0,12.5,0.0,0.0,0.0,0.0,0.0,12.5,0.0,[]
460,,Sat Nov 07 02:21:39 PST 2020,LTEvaluator.java,1604744499793,433,433,(I)25,1.0,0.0,0.0,0.0,0.0,0.0,0.0,0.0,0.0,0.0,0.0,null,0.0,0.0,[]
461,,Sat Nov 07 02:21:40 PST 2020,LTEvaluator.java,1604744500386,9975,9975,(I)25,1.0,0.0,0.0,0.0,0.0,0.0,2.7777777777777777,0.0,0.0,0.0,0.0,0.0,2.7777777777777777,0.0,[]
462,,Sat Nov 07 02:21:50 PST 2020,LTEvaluator.java,1604744510417,2452,2452,(I)12(R)2(I)3(R)4(I)4,0.76,0.0,0.0,0.0,0.0,0.0,12.5,0.0,0.0,0.0,0.0,3.0,9.5,0.0,[]
463,,Sat Nov 07 02:21:53 PST 2020,LTEvaluator.java,1604744513879,4366,4366,(I)25,1.0,0.0,0.0,0.0,0.0,0.0,6.25,0.0,0.0,0.0,0.0,0.0,6.25,0.0,[]
464,,Sat Nov 07 02:21:58 PST 2020,LTEvaluator.java,1604744518245,6402,6402,(I)24,1.0,0.0,0.0,0.0,0.0,0.0,4.0,0.0,0.0,0.0,0.0,0.0,4.0,0.0,[]
465,,Sat Nov 07 02:22:04 PST 2020,LTEEvaluator.java,1604744524647,-4907,-4907,(I)3(F)1(I)20,0.9583333333333334,0.0,0.0,4.166666666666666,0.0,0.0,0.0,0.0,0.0,0.0,0.0,null,0.0,0.0,[]
466,,Sat Nov 07 02:21:59 PST 2020,LTEEvaluator.java,1604744519853,26730,0,(I)4(F)1(I)16,0.9523809523809523,0.0,0.0,4.761904761904762,0.0,0.0,0.8076923076923077,0.0,0.0,0.038461538461538464,0.0,0.0,0.7692307692307693,0.0,[]
467,,Sat Nov 07 02:22:27 PST 2020,LTEEvaluator.java,1604744547604,3507,3507,(I)1(R)1(I)23,0.96,0.0,0.0,0.0,0.0,0.0,8.333333333333334,0.0,0.0,0.0,0.0,0.3333333333333333,8.0,0.0,[]
468,,Sat Nov 07 02:22:31 PST 2020,LTEEvaluator.java,1604744551237,-3,-3,(I)24,1.0,0.0,0.0,0.0,0.0,0.0,0.0,0.0,0.0,0.0,0.0,null,0.0,0.0,[]
469,,Sat Nov 07 02:22:31 PST 2020,LTEEvaluator.java,1604744551369,19675,0,(I)16(R)1(I)4(R)1,0.9090909090909091,0.0,0.0,0.0,0.0,0.0,1.1578947368421053,0.0,0.0,0.0,0.0,0.10526315789473684,1.0526315789473684,0.0,[]
470,,Sat Nov 07 02:22:51 PST 2020,LTEEvaluator.java,1604744571854,14492,0,(I)15(R)2(I)2(R)2(I)3,0.8333333333333334,0.0,0.0,0.0,0.0,0.0,1.7142857142857142,0.0,0.0,0.0,0.0,0.2857142857142857,1.4285714285714286,0.0,[]
471,,Sat Nov 07 02:23:06 PST 2020,LTEEvaluator.java,1604744586996,5068,5068,(I)24,1.0,0.0,0.0,0.0,0.0,0.0,4.8,0.0,0.0,0.0,0.0,0.0,4.8,0.0,[]
472,,Sat Nov 07 02:23:13 PST 2020,GTEvaluator.java,1604744593486,22583,0,(I)1(R)1(F)2(I)1(R)1(I)4(R)2(I)4(R)2(I)4,0.6363636363636364,0.0,0.0,9.090909090909092,0.0,0.0,1.0,0.0,0.0,0.09090909090909091,0.0,0.2727272727272727,0.6363636363636364,0.0,[]
473,,Sat Nov 07 02:23:36 PST 2020,GTEvaluator.java,1604744616422,2570,2570,(I)9(R)1(I)13,0.9565217391304348,0.0,0.0,0.0,0.0,0.0,11.5,0.0,0.0,0.0,0.0,0.5,11.0,0.0,[]
474,,Sat Nov 07 02:23:38 PST 2020,GTEvaluator.java,1604744618992,9459,9459,(I)4(R)1(I)1(R)2(I)3(R)1(I)12,0.8333333333333334,0.0,0.0,0.0,0.0,0.0,2.6666666666666665,0.0,0.0,0.0,0.0,0.4444444444444444,2.2222222222222223,0.0,[]
475,,Sat Nov 07 02:23:48 PST 2020,GTEvaluator.java,1604744628622,-173,-173,(I)8(R)2(I)11,0.9047619047619048,0.0,0.0,0.0,0.0,0.0,0.0,0.0,0.0,0.0,0.0,null,0.0,0.0,[]
476,,Sat Nov 07 02:23:48 PST 2020,GTEvaluator.java,1604744628619,2971,2971,(I)23,1.0,0.0,0.0,0.0,0.0,0.0,11.5,0.0,0.0,0.0,0.0,0.0,11.5,0.0,[]
477,,Sat Nov 07 02:23:51 PST 2020,GTEvaluator.java,1604744631680,-93,-93,(I)8(R)1(I)2(R)1(I)10,0.9090909090909091,0.0,0.0,0.0,0.0,0.0,0.0,0.0,0.0,0.0,0.0,null,0.0,0.0,[]
478,,Sat Nov 07 02:23:51 PST 2020,GTEvaluator.java,1604744631678,12442,0,(I)7(R)1(I)1(R)1(I)14,0.9166666666666666,0.0,0.0,0.0,0.0,0.0,2.0,0.0,0.0,0.0,0.0,0.16666666666666666,1.8333333333333333,0.0,[]
479,,Sat Nov 07 02:24:04 PST 2020,GTEvaluator.java,1604744644240,1111,1111,(I)24,1.0,0.0,0.0,0.0,0.0,0.0,24.0,0.0,0.0,0.0,0.0,0.0,24.0,0.0,[]
480,,Sat Nov 07 02:24:05 PST 2020,GTEvaluator.java,1604744645533,7052,7052,(I)24,1.0,0.0,0.0,0.0,0.0,0.0,3.4285714285714284,0.0,0.0,0.0,0.0,0.0,3.4285714285714284,0.0,[]
481,,Sat Nov 07 02:24:13 PST 2020,GTEvaluator.java,1604744653060,-1294,-1294,(I)16(R)2(I)4,0.9090909090909091,0.0,0.0,0.0,0.0,0.0,0.0,0.0,0.0,0.0,0.0,null,0.0,0.0,[]
482,,Sat Nov 07 02:24:11 PST 2020,GTEvaluator.java,1604744651837,13530,0,(I)1(R)1(I)15(R)2(I)3(R)1(I)1(R)1,0.8,0.0,0.0,0.0,0.0,0.0,1.9230769230769231,0.0,0.0,0.0,0.0,0.38461538461538464,1.5384615384615385,0.0,[]
483,,Sat Nov 07 02:24:25 PST 2020,GTEEvaluator.java,1604744665509,12808,0,(R)1(I)1(F)2(I)5(R)1(I)4(R)1(I)8,0.782608695652174,0.0,0.0,8.695652173913043,0.0,0.0,1.9166666666666667,0.0,0.0,0.16666666666666666,0.0,0.25,1.5,0.0,[]
484,,Sat Nov 07 02:24:38 PST 2020,GTEEvaluator.java,1604744678318,7273,7273,(I)14(R)2(I)9,0.92,0.0,0.0,0.0,0.0,0.0,3.5714285714285716,0.0,0.0,0.0,0.0,0.2857142857142857,3.2857142857142856,0.0,[]
485,,Sat Nov 07 02:24:45 PST 2020,GTEEvaluator.java,1604744685801,2174,2174,(I)24,1.0,0.0,0.0,0.0,0.0,0.0,12.0,0.0,0.0,0.0,0.0,0.0,12.0,0.0,[]
486,,Sat Nov 07 02:24:48 PST 2020,GTEEvaluator.java,1604744688138,3308,3308,(I)24,1.0,0.0,0.0,0.0,0.0,0.0,8.0,0.0,0.0,0.0,0.0,0.0,8.0,0.0,[]
487,,Sat Nov 07 02:24:51 PST 2020,GTEEvaluator.java,1604744691677,4683,4683,(I)6(R)1(I)13(R)1(I)4,0.92,0.0,0.0,0.0,0.0,0.0,6.25,0.0,0.0,0.0,0.0,0.5,5.75,0.0,[]
488,,Sat Nov 07 02:24:56 PST 2020,GTEEvaluator.java,1604744696450,5240,5240,(I)24,1.0,0.0,0.0,0.0,0.0,0.0,4.8,0.0,0.0,0.0,0.0,0.0,4.8,0.0,[]
489,,Sat Nov 07 02:25:06 PST 2020,GTEEvaluator.java,1604744706502,1211,1211,(I)25,1.0,0.0,0.0,0.0,0.0,0.0,25.0,0.0,0.0,0.0,0.0,0.0,25.0,0.0,[]
490,,Sat Nov 07 02:25:07 PST 2020,GTEvaluator.java,1604744707820,1016,1016,(I)25,1.0,0.0,0.0,0.0,0.0,0.0,25.0,0.0,0.0,0.0,0.0,0.0,25.0,0.0,[]
491,,Sat Nov 07 02:25:08 PST 2020,CustomOperationRegisterer.java,1604744708916,5935,5935,(I)16(R)2(I)3(R)1,0.8636363636363636,0.0,0.0,0.0,0.0,0.0,4.4,0.0,0.0,0.0,0.0,0.6,3.8,0.0,[]
492,,Sat Nov 07 02:25:15 PST 2020,CustomOperationRegisterer.java,1604744715020,29428,0,(R)1(I)11(R)1(I)10,0.9130434782608695,0.0,0.0,0.0,0.0,0.0,0.7931034482758621,0.0,0.0,0.0,0.0,0.06896551724137931,0.7241379310344828,0.0,[]
493,,Sat Nov 07 02:25:44 PST 2020,CustomOperationRegisterer.java,1604744744577,3,3,(I)13(R)1(I)11,0.96,0.0,0.0,0.0,0.0,0.0,0.0,0.0,0.0,0.0,0.0,null,0.0,0.0,[]
494,,Sat Nov 07 02:25:44 PST 2020,CustomOperationRegisterer.java,1604744744689,2060,2060,(I)25,1.0,0.0,0.0,0.0,0.0,0.0,12.5,0.0,0.0,0.0,0.0,0.0,12.5,0.0,[]
495,,Sat Nov 07 02:25:46 PST 2020,CustomOperationRegisterer.java,1604744746753,7271,7271,(I)12(R)1(I)12,0.96,0.0,0.0,0.0,0.0,0.0,3.5714285714285716,0.0,0.0,0.0,0.0,0.14285714285714285,3.4285714285714284,0.0,[]
496,,Sat Nov 07 02:25:54 PST 2020,CustomOperationRegisterer.java,1604744754119,124,124,(I)11(R)1(I)13,0.96,0.0,0.0,0.0,0.0,0.0,0.0,0.0,0.0,0.0,0.0,null,0.0,0.0,[]
497,,Sat Nov 07 02:25:54 PST 2020,CustomOperationRegisterer.java,1604744754354,2517,2517,(I)25,1.0,0.0,0.0,0.0,0.0,0.0,12.5,0.0,0.0,0.0,0.0,0.0,12.5,0.0,[]
498,,Sat Nov 07 02:25:56 PST 2020,CustomOperationRegisterer.java,1604744756873,2913,2913,(I)22,1.0,0.0,0.0,0.0,0.0,0.0,11.0,0.0,0.0,0.0,0.0,0.0,11.0,0.0,[]
499,,Sat Nov 07 02:26:00 PST 2020,CustomOperationRegisterer.java,1604744760001,12598,0,(I)20,1.0,0.0,0.0,0.0,0.0,0.0,1.6666666666666667,0.0,0.0,0.0,0.0,0.0,1.6666666666666667,0.0,[]
500,,Sat Nov 07 02:26:12 PST 2020,CustomOperationRegisterer.java,1604744772682,4035,4035,(I)25,1.0,0.0,0.0,0.0,0.0,0.0,6.25,0.0,0.0,0.0,0.0,0.0,6.25,0.0,[]
501,,Sat Nov 07 02:26:16 PST 2020,CustomOperationRegisterer.java,1604744776718,10872,0,(I)5(F)2(I)15,0.9090909090909091,0.0,0.0,9.090909090909092,0.0,0.0,2.2,0.0,0.0,0.2,0.0,0.0,2.0,0.0,[]
502,,Sat Nov 07 02:26:27 PST 2020,CustomOperationRegisterer.java,1604744787707,327,327,(I)25,1.0,0.0,0.0,0.0,0.0,0.0,0.0,0.0,0.0,0.0,0.0,null,0.0,0.0,[]
503,,Sat Nov 07 02:26:28 PST 2020,CustomOperationRegisterer.java,1604744788183,4004,4004,(I)7(R)1(I)1(R)1(I)15,0.92,0.0,0.0,0.0,0.0,0.0,6.25,0.0,0.0,0.0,0.0,0.5,5.75,0.0,[]
504,,Sat Nov 07 02:26:32 PST 2020,CustomOperationRegisterer.java,1604744792969,802,802,(I)25,1.0,0.0,0.0,0.0,0.0,0.0,0.0,0.0,0.0,0.0,0.0,null,0.0,0.0,[]
505,,Sat Nov 07 02:26:33 PST 2020,CustomOperationRegisterer.java,1604744793921,4722,4722,(I)25,1.0,0.0,0.0,0.0,0.0,0.0,6.25,0.0,0.0,0.0,0.0,0.0,6.25,0.0,[]
506,,Sat Nov 07 02:26:38 PST 2020,CustomOperationRegisterer.java,1604744798779,419,419,(I)25,1.0,0.0,0.0,0.0,0.0,0.0,0.0,0.0,0.0,0.0,0.0,null,0.0,0.0,[]
507,,Sat Nov 07 02:26:39 PST 2020,CustomOperationRegisterer.java,1604744799282,3767,3767,(I)25,1.0,0.0,0.0,0.0,0.0,0.0,8.333333333333334,0.0,0.0,0.0,0.0,0.0,8.333333333333334,0.0,[]
508,,Sat Nov 07 02:26:43 PST 2020,CustomOperationRegisterer.java,1604744803197,6581,6581,(I)3(R)1(I)4(R)1(I)11,0.9,0.0,0.0,0.0,0.0,0.0,3.3333333333333335,0.0,0.0,0.0,0.0,0.3333333333333333,3.0,0.0,[]
509,,Sat Nov 07 02:26:50 PST 2020,CustomOperationRegisterer.java,1604744810011,2328,2328,(I)1(R)1(I)13(R)1(I)4(R)1(I)4,0.88,0.0,0.0,0.0,0.0,0.0,12.5,0.0,0.0,0.0,0.0,1.5,11.0,0.0,[]
510,,Sat Nov 07 02:26:52 PST 2020,CustomOperationRegisterer.java,1604744812413,2045,2045,(I)5(R)1(I)11(R)1(I)1(F)2(I)3,0.8333333333333334,0.0,0.0,8.333333333333332,0.0,0.0,12.0,0.0,0.0,1.0,0.0,1.0,10.0,0.0,[]
511,,Sat Nov 07 02:26:54 PST 2020,CustomOperationRegisterer.java,1604744814951,9000,9000,(R)2(I)22,0.9166666666666666,0.0,0.0,0.0,0.0,0.0,2.6666666666666665,0.0,0.0,0.0,0.0,0.2222222222222222,2.4444444444444446,0.0,[]
512,,Sat Nov 07 02:27:04 PST 2020,CustomOperationRegisterer.java,1604744824721,3696,3696,(I)25,1.0,0.0,0.0,0.0,0.0,0.0,8.333333333333334,0.0,0.0,0.0,0.0,0.0,8.333333333333334,0.0,[]
513,,Sat Nov 07 02:27:08 PST 2020,CustomOperationRegisterer.java,1604744828509,1178,1178,(I)25,1.0,0.0,0.0,0.0,0.0,0.0,25.0,0.0,0.0,0.0,0.0,0.0,25.0,0.0,[]
514,,Sat Nov 07 02:27:09 PST 2020,CustomOperationRegisterer.java,1604744829868,4559,4559,(I)25,1.0,0.0,0.0,0.0,0.0,0.0,6.25,0.0,0.0,0.0,0.0,0.0,6.25,0.0,[]
515,,Sat Nov 07 02:27:14 PST 2020,CustomOperationRegisterer.java,1604744834559,893,893,(I)25,1.0,0.0,0.0,0.0,0.0,0.0,0.0,0.0,0.0,0.0,0.0,null,0.0,0.0,[]
516,,Sat Nov 07 02:27:15 PST 2020,CustomOperationRegisterer.java,1604744835601,4603,4603,(I)25,1.0,0.0,0.0,0.0,0.0,0.0,6.25,0.0,0.0,0.0,0.0,0.0,6.25,0.0,[]
517,,Sat Nov 07 02:27:20 PST 2020,CustomOperationRegisterer.java,1604744840933,22,22,(I)22,1.0,0.0,0.0,0.0,0.0,0.0,0.0,0.0,0.0,0.0,0.0,null,0.0,0.0,[]
518,,Sat Nov 07 02:27:23 PST 2020,CustomOperationRegisterer.java,1604744843902,6523,6523,(I)23,1.0,0.0,0.0,0.0,0.0,0.0,3.8333333333333335,0.0,0.0,0.0,0.0,0.0,3.8333333333333335,0.0,[]
519,,Sat Nov 07 02:27:30 PST 2020,CustomOperationRegisterer.java,1604744850426,11575,0,(I)23(F)1,0.9583333333333334,0.0,0.0,4.166666666666666,0.0,0.0,2.1818181818181817,0.0,0.0,0.09090909090909091,0.0,0.0,2.090909090909091,0.0,[]
520,,Sat Nov 07 02:27:42 PST 2020,CustomOperationRegisterer.java,1604744862107,4448,4448,(F)1(I)23,0.9583333333333334,0.0,0.0,4.166666666666666,0.0,0.0,6.0,0.0,0.0,0.25,0.0,0.0,5.75,0.0,[]
521,,Sat Nov 07 02:27:46 PST 2020,CustomOperationRegisterer.java,1604744866681,2243,2243,(I)25,1.0,0.0,0.0,0.0,0.0,0.0,12.5,0.0,0.0,0.0,0.0,0.0,12.5,0.0,[]
522,,Sat Nov 07 02:27:49 PST 2020,CustomOperationRegisterer.java,1604744869005,683,683,(I)25,1.0,0.0,0.0,0.0,0.0,0.0,0.0,0.0,0.0,0.0,0.0,null,0.0,0.0,[]
523,,Sat Nov 07 02:27:49 PST 2020,CustomOperationRegisterer.java,1604744869953,6176,6176,(I)25,1.0,0.0,0.0,0.0,0.0,0.0,4.166666666666667,0.0,0.0,0.0,0.0,0.0,4.166666666666667,0.0,[]
524,,Sat Nov 07 02:27:56 PST 2020,CustomOperationRegisterer.java,1604744876231,871,871,(I)25,1.0,0.0,0.0,0.0,0.0,0.0,0.0,0.0,0.0,0.0,0.0,null,0.0,0.0,[]
525,,Sat Nov 07 02:27:57 PST 2020,CustomOperationRegisterer.java,1604744877218,3997,3997,(I)25,1.0,0.0,0.0,0.0,0.0,0.0,8.333333333333334,0.0,0.0,0.0,0.0,0.0,8.333333333333334,0.0,[]
526,,Sat Nov 07 02:28:01 PST 2020,CustomOperationRegisterer.java,1604744881361,3667,3667,(I)21,1.0,0.0,0.0,0.0,0.0,0.0,7.0,0.0,0.0,0.0,0.0,0.0,7.0,0.0,[]
527,,Sat Nov 07 02:28:05 PST 2020,mainClassRegistry.java,1604744885317,2191,2191,(I)20(F)2(I)2,0.9166666666666666,0.0,0.0,8.333333333333332,0.0,0.0,12.0,0.0,0.0,1.0,0.0,0.0,11.0,0.0,[]
528,,Sat Nov 07 02:28:07 PST 2020,mainClassRegistry.java,1604744887581,22269,0,(I)19(R)1(I)4,0.9583333333333334,0.0,0.0,0.0,0.0,0.0,1.0909090909090908,0.0,0.0,0.0,0.0,0.045454545454545456,1.0454545454545454,0.0,[]
529,,Sat Nov 07 02:28:33 PST 2020,mainClassRegistry.java,1604744913038,12813,0,(I)1(F)2(I)8(R)1(I)9,0.8571428571428571,0.0,0.0,9.523809523809524,0.0,0.0,1.75,0.0,0.0,0.16666666666666666,0.0,0.08333333333333333,1.5,0.0,[]
530,,Sat Nov 07 02:28:45 PST 2020,mainClassRegistry.java,1604744925951,7214,7214,(I)25,1.0,0.0,0.0,0.0,0.0,0.0,3.5714285714285716,0.0,0.0,0.0,0.0,0.0,3.5714285714285716,0.0,[]
531,,Sat Nov 07 02:28:53 PST 2020,mainClassRegistry.java,1604744933311,6068,6068,(I)25,1.0,0.0,0.0,0.0,0.0,0.0,4.166666666666667,0.0,0.0,0.0,0.0,0.0,4.166666666666667,0.0,[]
532,,Sat Nov 07 02:28:59 PST 2020,mainClassRegistry.java,1604744939490,26437,0,(I)15(F)2(I)1(F)2(I)4,0.8333333333333334,0.0,0.0,16.666666666666664,0.0,0.0,0.9230769230769231,0.0,0.0,0.15384615384615385,0.0,0.0,0.7692307692307693,0.0,[]
533,,Sat Nov 07 02:29:27 PST 2020,mainClassRegistry.java,1604744967718,9991,9991,(I)9(R)1(I)15,0.96,0.0,0.0,0.0,0.0,0.0,2.7777777777777777,0.0,0.0,0.0,0.0,0.1111111111111111,2.6666666666666665,0.0,[]
534,,Sat Nov 07 02:29:38 PST 2020,mainClassRegistry.java,1604744978352,6964,6964,(I)22,1.0,0.0,0.0,0.0,0.0,0.0,3.6666666666666665,0.0,0.0,0.0,0.0,0.0,3.6666666666666665,0.0,[]
535,,Sat Nov 07 02:29:45 PST 2020,RunF20A5Tests.java,1604744985856,4554,4554,(I)19(R)1(I)1,0.9523809523809523,0.0,0.0,0.0,0.0,0.0,5.25,0.0,0.0,0.0,0.0,0.25,5.0,0.0,[]
536,,Sat Nov 07 02:29:50 PST 2020,RunF20A5Tests.java,1604744990725,21696,0,(I)2(F)2(I)5(D)2(F)1(D)1,0.5384615384615384,23.076923076923077,0.0,23.076923076923077,0.0,0.0,0.6190476190476191,0.0,0.14285714285714285,0.14285714285714285,0.0,0.0,0.3333333333333333,0.0,[]
